name,x,y
AIAGRGWWM,0.004558239016268679,-0.1394483027463396
AIFGIGVSM,0.011411766556909994,-0.16373455093305875
AIGGFGLWM,0.05199279721322634,-0.09095356436381152
AIIDLGLAV,-0.057855809792162066,0.06326029835007746
AIIDLGSVV,-0.04207926180767977,0.02880163862211644
AILCVGSSV,0.004671205400671853,-0.06807003421593577
AILGFGAFL,0.04047219406259922,-0.09973412962642261
AILGFGCGM,0.0329983261677572,-0.1003659187175007
AILGFGCSL,0.042659921689053984,-0.1023438604286482
AILGFGDQM,0.0337729886154432,-0.10405188577865655
AILGFGGWM,0.027205036839969898,-0.09788461689245856
AILGFGNDV,0.030067024116055663,-0.080828062151889
AILGFGNFM,0.03010206691617467,-0.10059658762384466
AILGFGSRL,0.048936458355006957,-0.08789054679594711
AILGFGVGM,0.02955800490349662,-0.1062999911312249
AILGMGSPM,0.04126936791029186,-0.08073121530745624
AILGYGQQL,0.01917501915341971,-0.11441924909145555
AIMDLGLSV,-0.06744733771465362,0.049427774023578105
AIVDCGSWV,-0.025967437101925447,0.017033259399675586
AIVDLGMVV,-0.03183666052975527,0.025745649599824845
AIVDMGTCV,-0.05207312231123822,0.04012733545663094
AIVGFGLVV,0.024293750178747714,-0.04291175356468075
AIVGFGSGM,0.03492962613996781,-0.07743963408029861
AIWDRGLLM,-0.07625761265274068,0.12937657208896894
AIWGVGSAV,0.03428140426778103,-0.09052634361932768
AIYARGFWM,-0.0215367903484373,-0.1590074252973528
AIYGRGVVM,0.012615591469735864,-0.14543670230893058
AIYGVGIAM,0.03692148187518499,-0.14651163056425706
ALGGFGLWV,0.0894761565162111,-0.07869884906350676
ALLGFGSYV,0.05492141601040242,-0.052252155463216654
ALLGMGSCV,0.05667011331072818,-0.03226552384327508
ALLGMGSVV,0.053806256097886355,-0.030702278716327816
ALPGFGTSM,0.14635797340738152,-0.05507057212485779
ALVDLGTQV,-0.01247373265545952,0.06083703227097214
ALVDVGSFV,0.0012247236261606698,0.03407984403376223
ALVGFGSQL,0.07220451036353208,-0.06711265003326797
ALVGFGSVV,0.04876088589521345,-0.03399752137059611
ALWDMGSLV,0.032370956863769715,0.03223026706792049
ALWGIGSQL,0.08191410692206337,-0.10513622177457818
ALYAIGTPL,0.11524912666442544,-0.1654875103593598
AMWDRGLFV,-0.07540215638589898,0.16435288908783557
AMYGRGWWM,-0.013619477907970894,-0.1543233219797737
CIIDMGTVV,-0.0720990420161219,0.025174416497217963
CIYGIGMFV,0.10246816334796356,-0.10737951812621074
CIYGMGSCV,0.09047371596611274,-0.061630326073171204
CLEDRGSHV,0.004811012357094942,0.10070551741763767
CLIDLGGWM,0.042699560060205526,0.1060958838002094
CLLDVGSWM,0.033129292432534624,0.07715390467386736
CMLGFGSGV,0.0644821252352626,-0.06150020650488631
CMLWFCCAL,-0.8341454627857724,0.5595130817428945
DIFDVGLYV,-0.10573203189128456,0.10575574051796827
DIIDRGLFL,-0.11106897696886014,0.1529609301431
DMIDLGLFV,-0.07752709068456218,0.10943456521878889
DMWDRGLFM,-0.08240096652405667,0.16602686359761368
EIDLGTFVM,0.011009791502855939,-0.9943632201860603
EILDLGTYL,-0.06384188018600968,0.13531729522321118
EILGFGSCI,0.05125034471030066,-0.06905135154016406
ELIDRGTLV,0.02174748409611523,0.08969740163129179
ELLDLGLHV,-0.059479034849033295,0.09235559226788746
ELLDLGMYM,-0.0718180974414809,0.11844421014568436
ELWDRGIRL,-0.02107979659611495,0.20036085092796513
ELWDRGVEL,-0.029848753107639625,0.19740602500088372
EMWDRGLAV,-0.06262739849216394,0.1679038490670417
GIIDLGLLV,-0.0519316180898056,0.05012644449627998
GIIDLGSVV,-0.03344199813951359,0.01817136348322142
GIIGFGLVV,0.008121082271558047,-0.03981756943298504
GILDRGLYL,-0.09383530639582538,0.12259150568609815
GILGFGAFV,0.0313460262589374,-0.07622757391388629
GILGFGAVL,0.043098795679606124,-0.08345021357616889
GILGFGCPM,0.028322424556446863,-0.09145463479088421
GILGFGLHV,0.02518525297568859,-0.06770370356930712
GILGFGLWM,0.0260089461993209,-0.08273372712178467
GILGFGSLL,0.05040804981109808,-0.07977514144134983
GILGFGSVV,0.03617790993284818,-0.05944058382000858
GILGFGTGV,0.031195945356583384,-0.07294548759632197
GILGIGSCV,0.04756379042156052,-0.06325844408990375
GILGIGSGL,0.05147049516619905,-0.08854331856477775
GILGIGSGM,0.04489654934045621,-0.08899021440920166
GILGSGSQV,0.03713415415651118,-0.06569955702382295
GILGVGSFV,0.03166990024767912,-0.06153776183607892
GILGVGTFV,0.02390851871678214,-0.06189141914494915
GILGWGCPV,0.014753674476929138,-0.07903665885955093
GILGYGQVV,0.020539350204458243,-0.06291039693975124
GIVDLGTQL,-0.03369229479420666,0.11295462059293496
GIVGFGMHL,0.06980494576107392,-0.1056758646229929
GIWDMGSFM,-0.03491076476206215,-0.009011781166680787
GIWDMGTLM,-0.047535462071977674,0.04441800478241375
GIWGIGSQL,0.04780875540672208,-0.09828504775938418
GIWGTGSFV,0.009131825495056612,-0.0516905872477266
GIWGVGSFL,0.019529820830239852,-0.07571217953416658
GIYGIGAFL,0.05157458853020632,-0.11875310257733265
GIYGIGVDL,0.06275213901933668,-0.13291864458212632
GIYGLGFFM,0.022528530013192754,-0.15122000663443264
GLFGFGSCV,0.0631651067549964,-0.03721940946759942
GLLGIGSSV,0.05442170500794765,-0.04087868221286087
GLLGYGSLV,0.04433263569469566,-0.037154990035541645
GLQDLGLFV,-0.060940415700013,0.09929244292255379
HIVDLGSFV,-0.0335777648357915,0.03984266368148686
HMIWFCCAL,-0.8327748468815271,0.5669054222491344
IIIGFGLPV,0.0020375955126865465,-0.05090791277328722
IILGFGICV,0.0306644763645724,-0.05756337002737514
IISCPGTWV,0.009228519832445917,0.33670398490562814
IIVDRGLLV,-0.07227039712961797,0.09630162350034632
IIVGFGSFL,0.06025173403038948,-0.09695897932653846
IIYGIGSAV,0.0907264252624185,-0.0733950364495536
IIYGVGSLV,0.06896496973380051,-0.06716005119638203
ILCGWGRGL,0.10418624517198344,-0.2667828077807843
ILCGWGRVL,0.10602653359313434,-0.2631151208234708
ILEDRGYLV,-0.009010022887130964,0.09549261555946373
ILILWDYGL,0.1244746052153939,-0.3307653159556798
ILLAMGSQV,0.07237452243821203,-0.0069790873080350846
ILLGFGSLL,0.06192236428526151,-0.06551060592880703
ILVAFGTQV,0.05316948374384993,0.005661068425341488
ILWDLGLAV,-0.06238205509686847,0.12707108396213362
ILYGIGSGV,0.08944394596971929,-0.04718986226664458
ILYGMGSLV,0.07256900735631198,-0.03573949537457324
IMVDCGLGL,-0.10117735331239007,0.1897316657928485
IMWDVGLAM,-0.08317629063976104,0.1840542878237926
LICGWLRSV,0.07328238672656065,-0.20443192604146693
LIDLGMFVM,0.018946857495890052,-1.0
LIFGFGSHL,0.0646286831932201,-0.10392549486067423
LILAFGLQV,0.014717010060599325,-0.06546465878909694
LILGFGASV,0.03551243727401592,-0.08385346468264507
LILGFGSQV,0.044122674246649785,-0.06974767840099982
LILGFGTAL,0.05945445714851413,-0.08860872518545124
LILGMGSLV,0.0538031917663032,-0.06084419552137915
LILWFGTSV,0.019384595482771716,-0.08995676541866846
LIVDFGSWM,0.008605362348060088,-0.006459517609780085
LIVDLGGWV,-0.011266294619453476,0.03832492520991052
LIVGFGFWM,0.024227053755063652,-0.0522012288025207
LIWDRGLVL,-0.08504982567836622,0.17984899681511132
LIYAIGSVL,0.082024711712377,-0.13001080802391102
LIYGFGSVM,0.04865094758545435,-0.09504655526327417
LIYGIGIGM,0.054556075623121494,-0.13658501319334757
LIYGIGSLL,0.06942014679094102,-0.11033829295718525
LIYGLGSHM,0.05119700342334991,-0.12947997547308696
LIYGVGSQM,0.056663933655772374,-0.11785290339008622
LLCGWGRGL,0.1007380994198795,-0.2597308203532444
LLEDRGSFV,0.008986815626967837,0.09228271149530308
LLFDMGLSM,-0.042373315885205015,0.1431658473233552
LLFDRGLRM,-0.06390228697483029,0.1835577728300613
LLGGCGLWL,0.11876457148467537,-0.09015953824937463
LLGGFGLWL,0.10978659767557537,-0.08933377421295365
LLGGFGLWV,0.10195034727945063,-0.08250638612344897
LLGGFGVWV,0.10707344484210911,-0.07768885094842083
LLIDVGGWV,0.036698987548088785,0.06817832559552918
LLLAFGSLV,0.04219573676701179,-0.027623630855513986
LLLGFGMVL,0.08215794286693948,-0.07595985206831939
LLLGFGSEV,0.06101232240382963,-0.05368248548292597
LLLGFGTVL,0.0807123777241673,-0.07157526761103569
LLVDLGSWL,-0.014410715809798186,0.08013077874247271
LLVDMGSWM,-0.007134322141695028,0.054326987863405944
LLVGFGTVM,0.08659156467648728,-0.0561908447849375
LLWDCGCAM,-0.048209631193889095,0.19176802679449098
LLWDVGSLV,0.019538070282555536,0.06012615315398267
LLWDYGIWL,-0.011463043511588437,0.1599768017651886
LLYGFGTQV,0.08401214879235377,-0.045201461005210976
LMFDRGIAM,-0.0894615580511706,0.22153201363789649
LMFDRGLRL,-0.08120457032523334,0.205680795014314
LMGGFGLWL,0.11861789023079386,-0.09671445398493048
LMGGWGIWM,0.16784321537922084,-0.12401358012495328
LMGGYGIWM,0.1696391569231815,-0.12042014986605792
LMWDLGLAL,-0.07707379429062099,0.1882182384298915
LMWDRGCHL,-0.07741460309433763,0.21152026119672407
LMWDRGLHL,-0.07686454977703266,0.20057295114366358
LMWDRGVCL,-0.06266919771266906,0.2081161461903719
LMWDRGVSV,-0.06046556399473613,0.1960278252202746
LMWDVGLAM,-0.0828572211728752,0.19236486313927237
MIFDRGCFL,-0.15359152506007592,0.18320282490722772
MIIDLGLQV,-0.06592739002945198,0.060395701751176235
MILGFGLVV,0.024450480234147885,-0.05808905683552232
MIVDRGLYV,-0.08986568557928111,0.08738843144283182
MIVLWGSWV,-0.054865752259367656,-0.001945154774002698
MLLGIGSSV,0.05939884781309296,-0.032682743277510105
MLRDYCCWL,-0.03148374445495357,0.2434986962253779
MLWDFDGAL,-0.05664165734429289,0.2780770514210828
MLWDRGLSL,-0.049560333172364315,0.20129138964478516
MMIDLGSWL,-0.01823546911492401,0.12463968763013056
MMWDRGLDM,-0.07268042793479357,0.1771832987479209
MMWDYGCEL,-0.07842498744457753,0.2561585432551332
MMWDYGVGL,-0.08645844489318334,0.24578618638533453
NIIAFGSCV,-0.0059385476706515445,-0.053731424089085905
NILGFGIPV,0.028632712546422735,-0.06489833059860078
NILGFGLCV,0.019808627524810347,-0.04899507529908663
NILGFGSLV,0.042341580715903264,-0.062273016609031444
NILGVGSSV,0.029963522340834946,-0.051856957644961475
NIMDFGSVV,-0.007260437709612567,-0.02027114022916666
NIPDLGLFL,-0.09945683124714168,0.11819253153313962
NISDLGLPV,-0.07760360398444396,0.07328605187104498
NIVDFGCVV,-0.01668208366490943,-0.012242725799995156
NIVDVGSWV,-0.015104558313256767,0.003432931490386369
NLCTFTGWV,-0.3274931232317846,-1.7658158602302647e-05
NLFCLDLFL,-0.12134802968548927,0.13878122330696696
NLIDLGSFL,-0.0471483551778878,0.10801535271407607
NLLDLGTYL,-0.05257346150387692,0.1366077257367629
NLLGFGSGL,0.06954432980075144,-0.07071193634290596
NLLGVGSFV,0.03867877591563879,-0.03500599984015813
NLQDLGLAV,-0.0649162977340204,0.10761693976524238
NLVGFGSQV,0.07014492870684264,-0.04332073521043491
NLWDRGLDV,-0.0514872672000134,0.15573412898137173
NMAWFCCAL,-0.8433403655843597,0.5685109558215775
NMFNKGSQV,0.15753446224190967,-0.026303832716459176
NMLDFGGDL,0.13129071764821007,-0.11008886312717928
NMLGFGSGL,0.07602293269831951,-0.07943085280839896
PILDLGLAV,-0.06713274505883153,0.0794120090543217
PILDRGLYM,-0.08332990008464579,0.10182516026042032
PILDRGLYV,-0.07495626934513833,0.09285980745890737
PIVDLGTLL,-0.03735777141525798,0.12139081650140474
PLCGWSRSL,0.09325600792569448,-0.2727229642403356
PLLDLGLYL,-0.060927560664441,0.11370731157988698
PLLDRGSLV,0.010943484195915022,0.04605446859066145
PLLGFGSCV,0.04999697811177617,-0.04178617898359106
PLLGFGTPV,0.05826179940511224,-0.052587385899091725
PLQDLGLFV,-0.05441931266553329,0.10010586590266392
PLVDLGSCL,-0.02833371562887065,0.09033872217972698
PLVDLGSFL,-0.02930250592004483,0.08556582649018851
PLVDLGSFM,-0.027652100814264162,0.0782331314205511
PLVDLGSHV,-0.018796101624471904,0.07271023401296517
QILGFGCFL,0.04842484112354083,-0.10519245333295466
QILGFGMLL,0.05950052897006739,-0.09298367317121878
QILGFGSYM,0.041835839911829736,-0.08740422037151854
QIYAWGDAV,0.17531110536742978,-0.09219207528070644
QLFDRGVHV,-0.019862524527538637,0.14863437777398494
QLFDRGVYV,-0.028851728719971426,0.15267821207480817
QLVDMGFWM,-0.018361741421279457,0.02997044084039878
QLVDMGTRV,-0.03345919442081788,0.058738343470897306
QLWDRGSAV,-0.013053379010106721,0.11587826824851792
QLWDRGVVV,-0.025456122461334538,0.1590506749664546
QLYDVGLYV,-0.08509541703335367,0.13575137466269788
RILGFGSLV,0.04586864287033157,-0.06446049017699614
RILGFGTDV,0.03205844738067769,-0.06984312695720733
RILWDRGWL,0.009228519832445834,-0.3367393012228328
RLARQGRVV,0.14252717814266938,-0.02374323514874373
RLCGWGRPM,0.1133631242704863,-0.2578640981741651
RLLGFGSVV,0.057688396908807935,-0.04832267200496195
SICGWGRPL,0.0925345603595745,-0.2151516015705304
SILDVGLYV,-0.08946698694284437,0.09150895236433355
SILGFGSLM,0.04632785295028851,-0.07854470937490451
SILGFGSLV,0.04654734859188628,-0.06836971597020165
SILGFGSYL,0.05545974623314549,-0.08337154603040821
SILGFGTSV,0.029324827248594212,-0.07670491711156524
SILGIGSPL,0.06177266555730979,-0.1095475179071569
SIPGFGTHV,0.010280689307250561,-0.0887449737937434
SIVDIGLLV,-0.07675628407509219,0.06570130248233895
SIVDLGIPM,-0.08299951067828648,0.051218004286999984
SIVDLGMPV,-0.05795444488119195,0.04358951564223099
SIVDMGTYV,-0.07137583685484551,0.052492247129870946
SIVDTGSFV,-0.03859073214699054,0.019612858494286803
SLEDRGGFV,0.005723844730763757,0.1255326552763584
SLLGFGSHL,0.0662526700337982,-0.07391401721230484
SLLGFGSSL,0.06273348705557101,-0.07091163596593854
SLPDFTVFL,-0.006054310389622075,0.22820110018500578
SLPDLGTCV,-0.04456108673056615,0.0894800677941626
SLVDLGTFL,-0.025996364701451034,0.11113967091276239
SLWDRGVFL,-0.02171292855287851,0.17785939729908934
SLWDVGTLL,-0.003070559292712362,0.13466512630455635
SLYGFGSLV,0.0646669440158825,-0.04953448068885979
SLYGFGSVV,0.0664946371645473,-0.051831099981861736
SMPDLGLLV,-0.08264329160725503,0.08021840594536518
TIDLGLLVL,0.0216273858309282,-0.9816383455767719
TIDMGMQVV,0.037151519137508,-0.9884870136372963
TILDRGMHL,-0.14345658388159205,0.14499782907407374
TILGFGSEV,0.04464766046628796,-0.06570806673145099
TIVGFGLWM,0.0195759685395649,-0.06875580079162082
TIYGFGSVL,0.06668106016137426,-0.09347162944370586
TLFGFGSLV,0.06258131303573247,-0.0423910284104931
TLLDRGTRV,0.002931936745688508,0.08055773662188204
TLLGFGSCV,0.05331592222239416,-0.04712016734991947
TLQDLGLFV,-0.05625924707057759,0.09721998555012341
TLVDLGMPM,-0.05371828445716847,0.07674981475785847
TLVDLGSVV,-0.017306378950016257,0.04934839656390874
TLVGFGTAV,0.07844793409119723,-0.02513701606205437
TLWDWGTWM,-0.016795750012470093,0.11418879828973462
TMIDMGSFM,-0.08621284375507471,-0.02682852669191896
VILAFGSSV,0.025838402212958318,-0.07176204910444435
VILAFGTHV,0.004882056646453958,-0.08300233118211627
VILDLGLCV,-0.05487287327033874,0.0471380390815348
VILGFGSAL,0.05743862408301855,-0.08444676981431733
VILGFGSAP,0.056137640180718526,-0.07919817508547204
VILGFGSLM,0.04524522505649906,-0.08164929442864069
VILGFGSPL,0.05542652091177269,-0.0877611854287139
VIMDIGLFV,-0.09071858170488485,0.041985210188403364
VISVRHYLM,0.34595016289667635,-1.7658158602426358e-05
VIVGFGMHL,0.07587532650386739,-0.10764413390794174
VIVGFGSQV,0.05643002217316969,-0.06676132693599923
VIYDLGSFV,-0.05803054119317654,0.0301371579429604
VLFGIGAPL,0.08880513927667326,-0.14775825691388417
VLHDMGSHV,0.026247895953099298,0.06680230525841574
VLLDIGGWV,0.054314345458061145,0.03594555520093529
VLLDIGSWV,0.050010901715531034,0.025483768233251474
VLLGYGSVV,0.050237175814822066,-0.02814743075582527
VLWDRGTYL,-0.030833778260822085,0.17829691889945032
VLWDRGVYL,-0.03183350207294073,0.186906490164224
VLYGTGFWM,-0.024449862886822937,-0.09269655659718797
VMWDRGTYM,-0.04691688673048641,0.17866993326332545
