name,cluster,color,label_show,degree,is_anchor
AIAGRGWWM,1,#1F77B4,0,17,0
AIFGIGVSM,1,#1F77B4,0,16,0
AIGGFGLWM,1,#1F77B4,0,42,0
AIIDLGLAV,3,#FF7F0E,0,42,0
AIIDLGSVV,3,#FF7F0E,1,36,0
AILCVGSSV,1,#1F77B4,0,34,0
AILGFGAFL,1,#1F77B4,0,64,0
AILGFGCGM,1,#1F77B4,0,60,0
AILGFGCSL,1,#1F77B4,0,67,0
AILGFGDQM,1,#1F77B4,0,59,0
AILGFGGWM,1,#1F77B4,0,58,0
AILGFGNDV,1,#1F77B4,1,73,0
AILGFGNFM,1,#1F77B4,0,58,0
AILGFGSRL,1,#1F77B4,0,83,0
AILGFGVGM,1,#1F77B4,0,59,0
AILGMGSPM,1,#1F77B4,0,53,0
AILGYGQQL,1,#1F77B4,0,26,0
AIMDLGLSV,3,#FF7F0E,0,37,0
AIVDCGSWV,3,#FF7F0E,0,34,0
AIVDLGMVV,3,#FF7F0E,0,34,0
AIVDMGTCV,3,#FF7F0E,0,28,0
AIVGFGLVV,1,#1F77B4,0,66,0
AIVGFGSGM,1,#1F77B4,0,60,0
AIWDRGLLM,3,#FF7F0E,0,29,0
AIWGVGSAV,1,#1F77B4,0,43,0
AIYARGFWM,1,#1F77B4,0,10,0
AIYGRGVVM,1,#1F77B4,0,22,0
AIYGVGIAM,1,#1F77B4,0,21,0
ALGGFGLWV,1,#1F77B4,0,34,0
ALLGFGSYV,1,#1F77B4,0,88,0
ALLGMGSCV,1,#1F77B4,0,56,0
ALLGMGSVV,1,#1F77B4,0,59,0
ALPGFGTSM,1,#1F77B4,0,21,0
ALVDLGTQV,3,#FF7F0E,0,40,0
ALVDVGSFV,3,#FF7F0E,0,45,0
ALVGFGSQL,1,#1F77B4,0,52,0
ALVGFGSVV,1,#1F77B4,0,65,0
ALWDMGSLV,3,#FF7F0E,0,39,0
ALWGIGSQL,1,#1F77B4,0,24,0
ALYAIGTPL,2,#2CA02C,0,3,0
AMWDRGLFV,3,#FF7F0E,0,36,0
AMYGRGWWM,1,#1F77B4,0,9,0
CIIDMGTVV,3,#FF7F0E,0,15,0
CIYGIGMFV,1,#1F77B4,0,16,0
CIYGMGSCV,1,#1F77B4,0,40,0
CLEDRGSHV,3,#FF7F0E,0,20,0
CLIDLGGWM,3,#FF7F0E,0,13,0
CLLDVGSWM,3,#FF7F0E,0,17,0
CMLGFGSGV,1,#1F77B4,0,66,0
CMLWFCCAL,8,#8C564B,0,2,0
DIFDVGLYV,3,#FF7F0E,0,21,0
DIIDRGLFL,3,#FF7F0E,0,23,0
DMIDLGLFV,3,#FF7F0E,0,29,0
DMWDRGLFM,3,#FF7F0E,0,24,0
EIDLGTFVM,9,#D62728,0,2,0
EILDLGTYL,3,#FF7F0E,0,19,0
EILGFGSCI,1,#1F77B4,0,70,0
ELIDRGTLV,3,#FF7F0E,0,26,0
ELLDLGLHV,3,#FF7F0E,0,36,0
ELLDLGMYM,3,#FF7F0E,0,9,0
ELWDRGIRL,3,#FF7F0E,0,19,0
ELWDRGVEL,3,#FF7F0E,0,21,0
EMWDRGLAV,3,#FF7F0E,0,32,0
GIIDLGLLV,3,#FF7F0E,0,40,0
GIIDLGSVV,3,#FF7F0E,0,35,0
GIIGFGLVV,1,#1F77B4,0,53,0
GILDRGLYL,3,#FF7F0E,0,30,0
GILGFGAFV,1,#1F77B4,0,76,0
GILGFGAVL,1,#1F77B4,0,70,0
GILGFGCPM,1,#1F77B4,0,59,0
GILGFGLHV,1,#1F77B4,0,84,0
GILGFGLWM,1,#1F77B4,0,67,0
GILGFGSLL,1,#1F77B4,0,90,0
GILGFGSVV,1,#1F77B4,0,107,0
GILGFGTGV,1,#1F77B4,0,76,0
GILGIGSCV,1,#1F77B4,0,75,0
GILGIGSGL,1,#1F77B4,0,67,0
GILGIGSGM,1,#1F77B4,0,60,0
GILGSGSQV,1,#1F77B4,0,73,0
GILGVGSFV,1,#1F77B4,0,82,0
GILGVGTFV,1,#1F77B4,0,51,0
GILGWGCPV,1,#1F77B4,0,43,0
GILGYGQVV,1,#1F77B4,1,40,0
GIVDLGTQL,3,#FF7F0E,0,23,0
GIVGFGMHL,1,#1F77B4,0,38,0
GIWDMGSFM,3,#FF7F0E,0,19,0
GIWDMGTLM,3,#FF7F0E,0,12,0
GIWGIGSQL,1,#1F77B4,0,34,0
GIWGTGSFV,1,#1F77B4,0,41,0
GIWGVGSFL,1,#1F77B4,0,34,0
GIYGIGAFL,1,#1F77B4,0,25,0
GIYGIGVDL,1,#1F77B4,0,19,0
GIYGLGFFM,1,#1F77B4,0,23,0
GLFGFGSCV,1,#1F77B4,0,54,0
GLLGIGSSV,1,#1F77B4,0,59,0
GLLGYGSLV,1,#1F77B4,0,55,0
GLQDLGLFV,3,#FF7F0E,0,34,0
HIVDLGSFV,3,#FF7F0E,0,50,0
HMIWFCCAL,8,#8C564B,1,2,0
IIIGFGLPV,1,#1F77B4,0,40,0
IILGFGICV,1,#1F77B4,0,72,0
IISCPGTWV,10,#E377C2,1,0,0
IIVDRGLLV,3,#FF7F0E,0,41,0
IIVGFGSFL,1,#1F77B4,0,58,0
IIYGIGSAV,1,#1F77B4,0,44,0
IIYGVGSLV,1,#1F77B4,0,44,0
ILCGWGRGL,2,#2CA02C,0,9,0
ILCGWGRVL,2,#2CA02C,0,8,0
ILEDRGYLV,3,#FF7F0E,0,16,0
ILILWDYGL,4,#BCBD22,1,1,0
ILLAMGSQV,1,#1F77B4,0,27,0
ILLGFGSLL,1,#1F77B4,0,67,0
ILVAFGTQV,1,#1F77B4,0,14,0
ILWDLGLAV,3,#FF7F0E,0,34,0
ILYGIGSGV,1,#1F77B4,0,36,0
ILYGMGSLV,1,#1F77B4,0,36,0
IMVDCGLGL,3,#FF7F0E,0,6,0
IMWDVGLAM,3,#FF7F0E,0,13,0
LICGWLRSV,2,#2CA02C,1,4,0
LIDLGMFVM,9,#D62728,0,3,0
LIFGFGSHL,1,#1F77B4,0,56,0
LILAFGLQV,1,#1F77B4,0,41,0
LILGFGASV,1,#1F77B4,0,77,0
LILGFGSQV,1,#1F77B4,0,113,0
LILGFGTAL,1,#1F77B4,1,71,0
LILGMGSLV,1,#1F77B4,0,77,0
LILWFGTSV,1,#1F77B4,1,32,0
LIVDFGSWM,3,#FF7F0E,0,32,0
LIVDLGGWV,3,#FF7F0E,0,36,0
LIVGFGFWM,1,#1F77B4,0,41,0
LIWDRGLVL,3,#FF7F0E,0,32,0
LIYAIGSVL,1,#1F77B4,0,15,0
LIYGFGSVM,1,#1F77B4,0,62,0
LIYGIGIGM,1,#1F77B4,0,22,0
LIYGIGSLL,1,#1F77B4,0,39,0
LIYGLGSHM,1,#1F77B4,0,24,0
LIYGVGSQM,1,#1F77B4,0,32,0
LLCGWGRGL,2,#2CA02C,0,11,0
LLEDRGSFV,3,#FF7F0E,0,37,0
LLFDMGLSM,3,#FF7F0E,1,8,0
LLFDRGLRM,3,#FF7F0E,0,19,0
LLGGCGLWL,1,#1F77B4,0,13,0
LLGGFGLWL,1,#1F77B4,0,26,0
LLGGFGLWV,1,#1F77B4,0,39,0
LLGGFGVWV,1,#1F77B4,0,30,0
LLIDVGGWV,3,#FF7F0E,0,17,0
LLLAFGSLV,1,#1F77B4,0,53,0
LLLGFGMVL,1,#1F77B4,0,47,0
LLLGFGSEV,1,#1F77B4,0,81,0
LLLGFGTVL,1,#1F77B4,0,52,0
LLVDLGSWL,3,#FF7F0E,0,33,0
LLVDMGSWM,3,#FF7F0E,0,31,0
LLVGFGTVM,1,#1F77B4,0,24,0
LLWDCGCAM,3,#FF7F0E,0,13,0
LLWDVGSLV,3,#FF7F0E,0,36,0
LLWDYGIWL,3,#FF7F0E,0,24,0
LLYGFGTQV,1,#1F77B4,0,39,0
LMFDRGIAM,3,#FF7F0E,0,17,0
LMFDRGLRL,3,#FF7F0E,0,21,0
LMGGFGLWL,1,#1F77B4,0,19,0
LMGGWGIWM,1,#1F77B4,0,11,0
LMGGYGIWM,1,#1F77B4,1,12,0
LMWDLGLAL,3,#FF7F0E,0,30,0
LMWDRGCHL,3,#FF7F0E,0,25,0
LMWDRGLHL,3,#FF7F0E,0,31,0
LMWDRGVCL,3,#FF7F0E,0,23,0
LMWDRGVSV,3,#FF7F0E,0,25,0
LMWDVGLAM,3,#FF7F0E,0,20,0
MIFDRGCFL,3,#FF7F0E,1,12,0
MIIDLGLQV,3,#FF7F0E,0,38,0
MILGFGLVV,1,#1F77B4,0,84,0
MIVDRGLYV,3,#FF7F0E,0,39,0
MIVLWGSWV,3,#FF7F0E,0,8,0
MLLGIGSSV,1,#1F77B4,0,51,0
MLRDYCCWL,0,#9467BD,0,2,0
MLWDFDGAL,0,#9467BD,1,1,0
MLWDRGLSL,3,#FF7F0E,0,33,0
MMIDLGSWL,3,#FF7F0E,0,13,0
MMWDRGLDM,3,#FF7F0E,0,22,0
MMWDYGCEL,3,#FF7F0E,0,12,0
MMWDYGVGL,3,#FF7F0E,0,14,0
NIIAFGSCV,3,#FF7F0E,0,29,0
NILGFGIPV,1,#1F77B4,0,73,0
NILGFGLCV,1,#1F77B4,0,82,0
NILGFGSLV,1,#1F77B4,0,104,0
NILGVGSSV,1,#1F77B4,0,71,0
NIMDFGSVV,3,#FF7F0E,0,36,0
NIPDLGLFL,3,#FF7F0E,0,30,0
NISDLGLPV,3,#FF7F0E,1,37,0
NIVDFGCVV,3,#FF7F0E,1,30,0
NIVDVGSWV,3,#FF7F0E,0,40,0
NLCTFTGWV,0,#9467BD,1,0,0
NLFCLDLFL,4,#BCBD22,1,2,0
NLIDLGSFL,3,#FF7F0E,0,29,0
NLLDLGTYL,3,#FF7F0E,0,23,0
NLLGFGSGL,1,#1F77B4,0,71,0
NLLGVGSFV,1,#1F77B4,0,56,0
NLQDLGLAV,3,#FF7F0E,0,27,0
NLVGFGSQV,1,#1F77B4,0,60,0
NLWDRGLDV,3,#FF7F0E,0,39,0
NMAWFCCAL,8,#8C564B,0,2,0
NMFNKGSQV,6,#9E9E9E,1,1,0
NMLDFGGDL,3,#FF7F0E,1,3,0
NMLGFGSGL,1,#1F77B4,0,52,0
PILDLGLAV,3,#FF7F0E,0,42,0
PILDRGLYM,3,#FF7F0E,0,22,0
PILDRGLYV,3,#FF7F0E,0,35,0
PIVDLGTLL,3,#FF7F0E,0,25,0
PLCGWSRSL,2,#2CA02C,0,6,0
PLLDLGLYL,3,#FF7F0E,0,30,0
PLLDRGSLV,3,#FF7F0E,0,53,0
PLLGFGSCV,1,#1F77B4,0,76,0
PLLGFGTPV,1,#1F77B4,0,62,0
PLQDLGLFV,3,#FF7F0E,0,36,0
PLVDLGSCL,3,#FF7F0E,0,22,0
PLVDLGSFL,3,#FF7F0E,0,28,0
PLVDLGSFM,3,#FF7F0E,0,29,0
PLVDLGSHV,3,#FF7F0E,0,44,0
QILGFGCFL,1,#1F77B4,0,60,0
QILGFGMLL,1,#1F77B4,0,57,0
QILGFGSYM,1,#1F77B4,0,73,0
QIYAWGDAV,10,#E377C2,1,1,0
QLFDRGVHV,3,#FF7F0E,0,21,0
QLFDRGVYV,3,#FF7F0E,0,22,0
QLVDMGFWM,3,#FF7F0E,1,12,0
QLVDMGTRV,3,#FF7F0E,0,22,0
QLWDRGSAV,3,#FF7F0E,0,33,0
QLWDRGVVV,3,#FF7F0E,0,28,0
QLYDVGLYV,3,#FF7F0E,0,20,0
RILGFGSLV,1,#1F77B4,0,102,0
RILGFGTDV,1,#1F77B4,0,66,0
RILWDRGWL,11,#9E9E9E,1,0,0
RLARQGRVV,5,#9E9E9E,0,1,0
RLCGWGRPM,2,#2CA02C,1,5,0
RLLGFGSVV,1,#1F77B4,0,82,0
SICGWGRPL,2,#2CA02C,0,10,0
SILDVGLYV,3,#FF7F0E,0,35,0
SILGFGSLM,1,#1F77B4,0,80,0
SILGFGSLV,1,#1F77B4,0,105,0
SILGFGSYL,1,#1F77B4,0,82,0
SILGFGTSV,1,#1F77B4,0,77,0
SILGIGSPL,1,#1F77B4,0,55,0
SIPGFGTHV,1,#1F77B4,0,39,0
SIVDIGLLV,3,#FF7F0E,0,29,0
SIVDLGIPM,3,#FF7F0E,0,14,0
SIVDLGMPV,3,#FF7F0E,0,33,0
SIVDMGTYV,3,#FF7F0E,0,27,0
SIVDTGSFV,3,#FF7F0E,1,35,0
SLEDRGGFV,3,#FF7F0E,0,22,0
SLLGFGSHL,1,#1F77B4,0,62,0
SLLGFGSSL,1,#1F77B4,0,62,0
SLPDFTVFL,0,#9467BD,0,2,0
SLPDLGTCV,3,#FF7F0E,0,23,0
SLVDLGTFL,3,#FF7F0E,0,31,0
SLWDRGVFL,3,#FF7F0E,0,28,0
SLWDVGTLL,3,#FF7F0E,0,16,0
SLYGFGSLV,1,#1F77B4,0,55,0
SLYGFGSVV,1,#1F77B4,0,56,0
SMPDLGLLV,3,#FF7F0E,0,23,0
TIDLGLLVL,9,#D62728,1,3,0
TIDMGMQVV,9,#D62728,1,2,0
TILDRGMHL,3,#FF7F0E,0,13,0
TILGFGSEV,1,#1F77B4,0,101,0
TIVGFGLWM,1,#1F77B4,0,34,0
TIYGFGSVL,1,#1F77B4,0,62,0
TLFGFGSLV,1,#1F77B4,0,50,0
TLLDRGTRV,3,#FF7F0E,0,29,0
TLLGFGSCV,1,#1F77B4,0,77,1
TLQDLGLFV,3,#FF7F0E,1,35,0
TLVDLGMPM,3,#FF7F0E,0,17,0
TLVDLGSVV,3,#FF7F0E,0,50,0
TLVGFGTAV,1,#1F77B4,0,34,0
TLWDWGTWM,3,#FF7F0E,0,12,0
TMIDMGSFM,3,#FF7F0E,1,7,0
VILAFGSSV,1,#1F77B4,0,55,0
VILAFGTHV,1,#1F77B4,0,34,0
VILDLGLCV,3,#FF7F0E,0,45,0
VILGFGSAL,1,#1F77B4,0,79,0
VILGFGSAP,1,#1F77B4,0,71,0
VILGFGSLM,1,#1F77B4,0,81,0
VILGFGSPL,1,#1F77B4,0,82,0
VIMDIGLFV,3,#FF7F0E,0,27,0
VISVRHYLM,7,#9E9E9E,1,0,0
VIVGFGMHL,1,#1F77B4,0,29,0
VIVGFGSQV,1,#1F77B4,0,83,0
VIYDLGSFV,3,#FF7F0E,0,43,0
VLFGIGAPL,2,#2CA02C,0,5,0
VLHDMGSHV,3,#FF7F0E,0,21,0
VLLDIGGWV,3,#FF7F0E,0,15,0
VLLDIGSWV,3,#FF7F0E,0,39,0
VLLGYGSVV,1,#1F77B4,0,53,0
VLWDRGTYL,3,#FF7F0E,0,24,0
VLWDRGVYL,3,#FF7F0E,0,22,0
VLYGTGFWM,1,#1F77B4,1,5,0
VMWDRGTYM,3,#FF7F0E,1,17,0
