source,target,hamming
AIKGFVFTL,AILGFVFSL,2
AIKGFVFTL,AILGFVFTL,1
AIKGFVFTL,AILGFVWTL,2
AIKGFVFTL,AILGWVFTL,2
AIKGFVFTL,AILGWVVTL,3
AIKGFVFTL,AIRGWVFTL,2
AIKGFVFTL,AIVGFVFTL,1
AIKGFVFTL,CIKGWVVTL,3
AIKGFVFTL,CILGWVFTL,3
AIKGFVFTL,DILGWVFTL,3
AIKGFVFTL,DIMGWVFTL,3
AIKGFVFTL,EIKGFVFTL,1
AIKGFVFTL,EILGWVFTL,3
AIKGFVFTL,EIVGFVFTL,2
AIKGFVFTL,GIKGWVFTL,2
AIKGFVFTL,GILGFVFSL,3
AIKGFVFTL,GILGFVFTL,2
AIKGFVFTL,GILGFVWTL,3
AIKGFVFTL,GILGWVFTL,3
AIKGFVFTL,GIMGFVFTL,2
AIKGFVFTL,GIMGWVFTL,3
AIKGFVFTL,GIPGWVFTL,3
AIKGFVFTL,HIKGFVFSL,2
AIKGFVFTL,HILGFVFAL,3
AIKGFVFTL,HILGFVFTL,2
AIKGFVFTL,HILGWVFTL,3
AIKGFVFTL,HIRGWVFTL,3
AIKGFVFTL,HIVGFVFTL,2
AIKGFVFTL,IILGFVFTL,2
AIKGFVFTL,LIIGFVFTL,2
AIKGFVFTL,LILGFVFTL,2
AIKGFVFTL,LILGFVWTL,3
AIKGFVFTL,LILGWVFTL,3
AIKGFVFTL,LIMGWVFTL,3
AIKGFVFTL,LIRGFVFTL,2
AIKGFVFTL,LIVGFVFTL,2
AIKGFVFTL,MILGFVWTL,3
AIKGFVFTL,NIKGFVFTL,1
AIKGFVFTL,NILGFVFSL,3
AIKGFVFTL,NILGWVFTL,3
AIKGFVFTL,NIPGFVFTL,2
AIKGFVFTL,NIRGFVFTL,2
AIKGFVFTL,PILGFVFTL,2
AIKGFVFTL,PILGWVFTL,3
AIKGFVFTL,QIIGFVFTL,2
AIKGFVFTL,QILGFVFTL,2
AIKGFVFTL,QILGFVWTL,3
AIKGFVFTL,RIKGFVFSL,2
AIKGFVFTL,RIKGFVFTL,1
AIKGFVFTL,RILGWVFTL,3
AIKGFVFTL,SIIGWVFTL,3
AIKGFVFTL,SIKGFVFSL,2
AIKGFVFTL,SILGWVFTL,3
AIKGFVFTL,SIMGFVFTL,2
AIKGFVFTL,SIRGFVFTL,2
AIKGFVFTL,TIKGFVFTL,1
AIKGFVFTL,TILGFVFSL,3
AIKGFVFTL,TILGFVFTL,2
AIKGFVFTL,TILGFVWTL,3
AIKGFVFTL,TILGWVFTL,3
AIKGFVFTL,TIMGWVFTL,3
AIKGFVFTL,VIIGFVFTL,2
AIKGFVFTL,VILGFVFTL,2
AIKGFVFTL,VILGFVWTL,3
AIKGFVFTL,VILGWVFTL,3
AIKGFVFTL,VIMGWVFTL,3
AIKGFVFTL,VIVGFVFTL,2
AIKGFVFTL,WILGFVWTL,3
AIKGFVFTL,WILGWVFTL,3
AIKGFVFTL,YIKGFVFSL,2
AIKGFVFTL,YILGFVFTL,2
AIKGFVFTL,YILGFVWTL,3
AIKGFVFTL,YILGWVFTL,3
AIKGFVFTL,YIRGWVFTL,3
AILGFVFSL,AILGFVFTL,1
AILGFVFSL,AILGFVWTL,2
AILGFVFSL,AILGWVFTL,2
AILGFVFSL,AILGWVVTL,3
AILGFVFSL,AIRGWVFTL,3
AILGFVFSL,AIVGFVFTL,2
AILGFVFSL,CILGWVFTL,3
AILGFVFSL,DILGWVFTL,3
AILGFVFSL,EIKGFVFTL,3
AILGFVFSL,EILGWVFSL,2
AILGFVFSL,EILGWVFTL,3
AILGFVFSL,EIVGFVFTL,3
AILGFVFSL,GILGFVFSL,1
AILGFVFSL,GILGFVFTL,2
AILGFVFSL,GILGFVWTL,3
AILGFVFSL,GILGWVFTL,3
AILGFVFSL,GILGWVVSL,3
AILGFVFSL,GIMGFVFTL,3
AILGFVFSL,GIPGWVFSL,3
AILGFVFSL,HIKGFVFSL,2
AILGFVFSL,HILGFVFAL,2
AILGFVFSL,HILGFVFTL,2
AILGFVFSL,HILGWVFTL,3
AILGFVFSL,HIPGWVFSL,3
AILGFVFSL,HIVGFVFTL,3
AILGFVFSL,IILGFVFTL,2
AILGFVFSL,LIIGFVFTL,3
AILGFVFSL,LILGFVFTL,2
AILGFVFSL,LILGFVWTL,3
AILGFVFSL,LILGWVFTL,3
AILGFVFSL,LIRGFVFTL,3
AILGFVFSL,LIVGFVFTL,3
AILGFVFSL,MILGFVWTL,3
AILGFVFSL,NIKGFVFTL,3
AILGFVFSL,NILGFVFSL,1
AILGFVFSL,NILGWVFTL,3
AILGFVFSL,NIPGFVFTL,3
AILGFVFSL,NIRGFVFTL,3
AILGFVFSL,PILGFVFTL,2
AILGFVFSL,PILGWVFTL,3
AILGFVFSL,QIIGFVFTL,3
AILGFVFSL,QILGFVFTL,2
AILGFVFSL,QILGFVWTL,3
AILGFVFSL,RIKGFVFSL,2
AILGFVFSL,RIKGFVFTL,3
AILGFVFSL,RILGWVFTL,3
AILGFVFSL,SIKGFVFSL,2
AILGFVFSL,SILGWVFTL,3
AILGFVFSL,SIMGFVFTL,3
AILGFVFSL,SIRGFVFTL,3
AILGFVFSL,TIKGFVFTL,3
AILGFVFSL,TILGFVFSL,1
AILGFVFSL,TILGFVFTL,2
AILGFVFSL,TILGFVWTL,3
AILGFVFSL,TILGWVFTL,3
AILGFVFSL,VIIGFVFTL,3
AILGFVFSL,VILGFVFTL,2
AILGFVFSL,VILGFVWTL,3
AILGFVFSL,VILGWVFTL,3
AILGFVFSL,VIVGFVFTL,3
AILGFVFSL,WILGFVWTL,3
AILGFVFSL,WILGWVFTL,3
AILGFVFSL,YIKGFVFSL,2
AILGFVFSL,YILGFVFTL,2
AILGFVFSL,YILGFVWTL,3
AILGFVFSL,YILGWVFTL,3
AILGFVFTL,AILGFVWTL,1
AILGFVFTL,AILGWVFTL,1
AILGFVFTL,AILGWVVTL,2
AILGFVFTL,AIRGWVFTL,2
AILGFVFTL,AIVGFVFTL,1
AILGFVFTL,CILGWVFTL,2
AILGFVFTL,CILGWVVTL,3
AILGFVFTL,DILGWVFTL,2
AILGFVFTL,DIMGWVFTL,3
AILGFVFTL,EIKGFVFTL,2
AILGFVFTL,EILGWVFSL,3
AILGFVFTL,EILGWVFTL,2
AILGFVFTL,EIVGFVFTL,2
AILGFVFTL,GIKGWVFTL,3
AILGFVFTL,GILGFVFSL,2
AILGFVFTL,GILGFVFTL,1
AILGFVFTL,GILGFVWTL,2
AILGFVFTL,GILGWVFTL,2
AILGFVFTL,GILGWVVTL,3
AILGFVFTL,GIMGFVFTL,2
AILGFVFTL,GIMGWVFTL,3
AILGFVFTL,GIPGWVFTL,3
AILGFVFTL,HIKGFVFSL,3
AILGFVFTL,HILGFVFAL,2
AILGFVFTL,HILGFVFTL,1
AILGFVFTL,HILGWVFTL,2
AILGFVFTL,HIRGWVFTL,3
AILGFVFTL,HIVGFVFTL,2
AILGFVFTL,IILGFVFTL,1
AILGFVFTL,LIIGFVFTL,2
AILGFVFTL,LILGFVFTL,1
AILGFVFTL,LILGFVWTL,2
AILGFVFTL,LILGWVFTL,2
AILGFVFTL,LILGWVVTL,3
AILGFVFTL,LIMGWVFTL,3
AILGFVFTL,LIRGFVFTL,2
AILGFVFTL,LIVGFVFTL,2
AILGFVFTL,MILGFVWTL,2
AILGFVFTL,NIKGFVFTL,2
AILGFVFTL,NILGFVFSL,2
AILGFVFTL,NILGWVFTL,2
AILGFVFTL,NILGWVVTL,3
AILGFVFTL,NIPGFVFTL,2
AILGFVFTL,NIRGFVFTL,2
AILGFVFTL,PILGFVFTL,1
AILGFVFTL,PILGWVFTL,2
AILGFVFTL,QIIGFVFTL,2
AILGFVFTL,QILGFVFTL,1
AILGFVFTL,QILGFVWTL,2
AILGFVFTL,QILGWVVTL,3
AILGFVFTL,RIKGFVFSL,3
AILGFVFTL,RIKGFVFTL,2
AILGFVFTL,RILGWVFTL,2
AILGFVFTL,SIIGWVFTL,3
AILGFVFTL,SIKGFVFSL,3
AILGFVFTL,SILGWVFTL,2
AILGFVFTL,SILGWVVTL,3
AILGFVFTL,SIMGFVFTL,2
AILGFVFTL,SIRGFVFTL,2
AILGFVFTL,TIKGFVFTL,2
AILGFVFTL,TILGFVFSL,2
AILGFVFTL,TILGFVFTL,1
AILGFVFTL,TILGFVWTL,2
AILGFVFTL,TILGWVFTL,2
AILGFVFTL,TILGWVVTL,3
AILGFVFTL,TIMGWVFTL,3
AILGFVFTL,VIIGFVFTL,2
AILGFVFTL,VILGFVFTL,1
AILGFVFTL,VILGFVWTL,2
AILGFVFTL,VILGWVFTL,2
AILGFVFTL,VILGWVVTL,3
AILGFVFTL,VIMGWVFTL,3
AILGFVFTL,VIVGFVFTL,2
AILGFVFTL,WILGFVWTL,2
AILGFVFTL,WILGWVFTL,2
AILGFVFTL,WILGWVVTL,3
AILGFVFTL,YIKGFVFSL,3
AILGFVFTL,YILGFVFTL,1
AILGFVFTL,YILGFVWTL,2
AILGFVFTL,YILGWVFTL,2
AILGFVFTL,YILGWVVTL,3
AILGFVFTL,YIRGWVFTL,3
AILGFVWTL,AILGWVFTL,2
AILGFVWTL,AILGWVVTL,2
AILGFVWTL,AIRGWVFTL,3
AILGFVWTL,AIVGFVFTL,2
AILGFVWTL,AIWGIAWTL,3
AILGFVWTL,CILGWVFTL,3
AILGFVWTL,CILGWVVTL,3
AILGFVWTL,DILGWVFTL,3
AILGFVWTL,EIKGFVFTL,3
AILGFVWTL,EILGWVFTL,3
AILGFVWTL,EIVGFVFTL,3
AILGFVWTL,GILGFVFSL,3
AILGFVWTL,GILGFVFTL,2
AILGFVWTL,GILGFVWTL,1
AILGFVWTL,GILGWVFTL,3
AILGFVWTL,GILGWVVTL,3
AILGFVWTL,GIMGFVFTL,3
AILGFVWTL,HILGFVFAL,3
AILGFVWTL,HILGFVFTL,2
AILGFVWTL,HILGWVFTL,3
AILGFVWTL,HIVGFVFTL,3
AILGFVWTL,IILGFVFTL,2
AILGFVWTL,LIIGFVFTL,3
AILGFVWTL,LILGFVFTL,2
AILGFVWTL,LILGFVWTL,1
AILGFVWTL,LILGWVFTL,3
AILGFVWTL,LILGWVVTL,3
AILGFVWTL,LIRGFVFTL,3
AILGFVWTL,LIVGFVFTL,3
AILGFVWTL,MILGFVWTL,1
AILGFVWTL,NIKGFVFTL,3
AILGFVWTL,NILGFVFSL,3
AILGFVWTL,NILGWVFTL,3
AILGFVWTL,NILGWVVTL,3
AILGFVWTL,NIPGFVFTL,3
AILGFVWTL,NIRGFVFTL,3
AILGFVWTL,PILGFVFTL,2
AILGFVWTL,PILGWVFTL,3
AILGFVWTL,QIIGFVFTL,3
AILGFVWTL,QILGFVFTL,2
AILGFVWTL,QILGFVWTL,1
AILGFVWTL,QILGWVVTL,3
AILGFVWTL,RIKGFVFTL,3
AILGFVWTL,RILGWVFTL,3
AILGFVWTL,SILGWVFTL,3
AILGFVWTL,SILGWVVTL,3
AILGFVWTL,SIMGFVFTL,3
AILGFVWTL,SIRGFVFTL,3
AILGFVWTL,TIKGFVFTL,3
AILGFVWTL,TILGFVFSL,3
AILGFVWTL,TILGFVFTL,2
AILGFVWTL,TILGFVWTL,1
AILGFVWTL,TILGWVFTL,3
AILGFVWTL,TILGWVVTL,3
AILGFVWTL,VIIGFVFTL,3
AILGFVWTL,VILGFVFTL,2
AILGFVWTL,VILGFVWTL,1
AILGFVWTL,VILGWVFTL,3
AILGFVWTL,VILGWVVTL,3
AILGFVWTL,VIVGFVFTL,3
AILGFVWTL,WILGFVWTL,1
AILGFVWTL,WILGWVFTL,3
AILGFVWTL,WILGWVVTL,3
AILGFVWTL,YILGFVFTL,2
AILGFVWTL,YILGFVWTL,1
AILGFVWTL,YILGWVFTL,3
AILGFVWTL,YILGWVVTL,3
AILGWVFTL,AILGWVVTL,1
AILGWVFTL,AIRGWVFTL,1
AILGWVFTL,AIVGFVFTL,2
AILGWVFTL,CIKGWVVTL,3
AILGWVFTL,CILGWVFTL,1
AILGWVFTL,CILGWVVTL,2
AILGWVFTL,DILGWVFTL,1
AILGWVFTL,DIMGWVFTL,2
AILGWVFTL,EIKGFVFTL,3
AILGWVFTL,EILGWVFSL,2
AILGWVFTL,EILGWVFTL,1
AILGWVFTL,EIVGFVFTL,3
AILGWVFTL,GIIGWVVTL,3
AILGWVFTL,GIKGWVFTL,2
AILGWVFTL,GILGFVFSL,3
AILGWVFTL,GILGFVFTL,2
AILGWVFTL,GILGFVWTL,3
AILGWVFTL,GILGWVFTL,1
AILGWVFTL,GILGWVVSL,3
AILGWVFTL,GILGWVVTL,2
AILGWVFTL,GIMGFVFTL,3
AILGWVFTL,GIMGWVFTL,2
AILGWVFTL,GIPGWVFSL,3
AILGWVFTL,GIPGWVFTL,2
AILGWVFTL,GIVGWVVTL,3
AILGWVFTL,HIEGWVVTL,3
AILGWVFTL,HILGFVFAL,3
AILGWVFTL,HILGFVFTL,2
AILGWVFTL,HILGWVFTL,1
AILGWVFTL,HIPGWVFSL,3
AILGWVFTL,HIRGWVFTL,2
AILGWVFTL,HIVGFVFTL,3
AILGWVFTL,IILGFVFTL,2
AILGWVFTL,LIIGFVFTL,3
AILGWVFTL,LILGFVFTL,2
AILGWVFTL,LILGFVWTL,3
AILGWVFTL,LILGWVFTL,1
AILGWVFTL,LILGWVVTL,2
AILGWVFTL,LIMGWVFTL,2
AILGWVFTL,LIRGFVFTL,3
AILGWVFTL,LIVGFVFTL,3
AILGWVFTL,MIEGWVVTL,3
AILGWVFTL,MILGFVWTL,3
AILGWVFTL,NIKGFVFTL,3
AILGWVFTL,NILGFVFSL,3
AILGWVFTL,NILGWVFTL,1
AILGWVFTL,NILGWVVTL,2
AILGWVFTL,NIPGFVFTL,3
AILGWVFTL,NIRGFVFTL,3
AILGWVFTL,PILGFVFTL,2
AILGWVFTL,PILGWVFTL,1
AILGWVFTL,QIIGFVFTL,3
AILGWVFTL,QILGFVFTL,2
AILGWVFTL,QILGFVWTL,3
AILGWVFTL,QILGWVVTL,2
AILGWVFTL,RIKGFVFTL,3
AILGWVFTL,RILGWVFTL,1
AILGWVFTL,SIEGWVVTL,3
AILGWVFTL,SIIGWVFTL,2
AILGWVFTL,SILGWVFTL,1
AILGWVFTL,SILGWVVTL,2
AILGWVFTL,SIMGFVFTL,3
AILGWVFTL,SIRGFVFTL,3
AILGWVFTL,TIKGFVFTL,3
AILGWVFTL,TILGFVFSL,3
AILGWVFTL,TILGFVFTL,2
AILGWVFTL,TILGFVWTL,3
AILGWVFTL,TILGWVFTL,1
AILGWVFTL,TILGWVVTL,2
AILGWVFTL,TIMGWVFTL,2
AILGWVFTL,VIIGFVFTL,3
AILGWVFTL,VILGFVFTL,2
AILGWVFTL,VILGFVWTL,3
AILGWVFTL,VILGWVFTL,1
AILGWVFTL,VILGWVVTL,2
AILGWVFTL,VIMGWVFTL,2
AILGWVFTL,VIVGFVFTL,3
AILGWVFTL,WILGFVWTL,3
AILGWVFTL,WILGWVFTL,1
AILGWVFTL,WILGWVVTL,2
AILGWVFTL,YILGFVFTL,2
AILGWVFTL,YILGFVWTL,3
AILGWVFTL,YILGWVFTL,1
AILGWVFTL,YILGWVVTL,2
AILGWVFTL,YIRGWVFTL,2
AILGWVVTL,AIRGWVFTL,2
AILGWVVTL,AIVGFVFTL,3
AILGWVVTL,CIKGWVVTL,2
AILGWVVTL,CILGWVFTL,2
AILGWVVTL,CILGWVVTL,1
AILGWVVTL,DILGWVFTL,2
AILGWVVTL,DIMGWVFTL,3
AILGWVVTL,EILGWVFSL,3
AILGWVVTL,EILGWVFTL,2
AILGWVVTL,GIIGWVVTL,2
AILGWVVTL,GIKGWVFTL,3
AILGWVVTL,GILGFVFTL,3
AILGWVVTL,GILGFVWTL,3
AILGWVVTL,GILGWVFTL,2
AILGWVVTL,GILGWVVSL,2
AILGWVVTL,GILGWVVTL,1
AILGWVVTL,GIMGWVFTL,3
AILGWVVTL,GIPGWVFTL,3
AILGWVVTL,GIVGWVVTL,2
AILGWVVTL,HIEGWVVTL,2
AILGWVVTL,HILGFVFTL,3
AILGWVVTL,HILGWVFTL,2
AILGWVVTL,HIRGWVFTL,3
AILGWVVTL,IILGFVFTL,3
AILGWVVTL,LILGFVFTL,3
AILGWVVTL,LILGFVWTL,3
AILGWVVTL,LILGWVFTL,2
AILGWVVTL,LILGWVVTL,1
AILGWVVTL,LIMGWVFTL,3
AILGWVVTL,MIEGWVVTL,2
AILGWVVTL,MILGFVWTL,3
AILGWVVTL,NILGWVFTL,2
AILGWVVTL,NILGWVVTL,1
AILGWVVTL,PILGFVFTL,3
AILGWVVTL,PILGWVFTL,2
AILGWVVTL,QILGFVFTL,3
AILGWVVTL,QILGFVWTL,3
AILGWVVTL,QILGWVVTL,1
AILGWVVTL,RILGWVFTL,2
AILGWVVTL,SIEGWVVTL,2
AILGWVVTL,SIIGWVFTL,3
AILGWVVTL,SILGWVFTL,2
AILGWVVTL,SILGWVVTL,1
AILGWVVTL,TILGFVFTL,3
AILGWVVTL,TILGFVWTL,3
AILGWVVTL,TILGWVFTL,2
AILGWVVTL,TILGWVVTL,1
AILGWVVTL,TIMGWVFTL,3
AILGWVVTL,VILGFVFTL,3
AILGWVVTL,VILGFVWTL,3
AILGWVVTL,VILGWVFTL,2
AILGWVVTL,VILGWVVTL,1
AILGWVVTL,VIMGWVFTL,3
AILGWVVTL,WILGFVWTL,3
AILGWVVTL,WILGWVFTL,2
AILGWVVTL,WILGWVVTL,1
AILGWVVTL,YILGFVFTL,3
AILGWVVTL,YILGFVWTL,3
AILGWVVTL,YILGWVFTL,2
AILGWVVTL,YILGWVVTL,1
AILGWVVTL,YIRGWVFTL,3
AIRGWVFTL,AIVGFVFTL,2
AIRGWVFTL,CIKGWVVTL,3
AIRGWVFTL,CILGWVFTL,2
AIRGWVFTL,CILGWVVTL,3
AIRGWVFTL,DILGWVFTL,2
AIRGWVFTL,DIMGWVFTL,2
AIRGWVFTL,EIKGFVFTL,3
AIRGWVFTL,EILGWVFSL,3
AIRGWVFTL,EILGWVFTL,2
AIRGWVFTL,EIVGFVFTL,3
AIRGWVFTL,GIIGWVVTL,3
AIRGWVFTL,GIKGWVFTL,2
AIRGWVFTL,GILGFVFTL,3
AIRGWVFTL,GILGWVFTL,2
AIRGWVFTL,GILGWVVTL,3
AIRGWVFTL,GIMGFVFTL,3
AIRGWVFTL,GIMGWVFTL,2
AIRGWVFTL,GIPGWVFSL,3
AIRGWVFTL,GIPGWVFTL,2
AIRGWVFTL,GIVGWVVTL,3
AIRGWVFTL,HIEGWVVTL,3
AIRGWVFTL,HILGFVFTL,3
AIRGWVFTL,HILGWVFTL,2
AIRGWVFTL,HIPGWVFSL,3
AIRGWVFTL,HIRGWVFTL,1
AIRGWVFTL,HIVGFVFTL,3
AIRGWVFTL,IILGFVFTL,3
AIRGWVFTL,LIIGFVFTL,3
AIRGWVFTL,LILGFVFTL,3
AIRGWVFTL,LILGWVFTL,2
AIRGWVFTL,LILGWVVTL,3
AIRGWVFTL,LIMGWVFTL,2
AIRGWVFTL,LIRGFVFTL,2
AIRGWVFTL,LIVGFVFTL,3
AIRGWVFTL,MIEGWVVTL,3
AIRGWVFTL,NIKGFVFTL,3
AIRGWVFTL,NILGWVFTL,2
AIRGWVFTL,NILGWVVTL,3
AIRGWVFTL,NIPGFVFTL,3
AIRGWVFTL,NIRGFVFTL,2
AIRGWVFTL,PILGFVFTL,3
AIRGWVFTL,PILGWVFTL,2
AIRGWVFTL,QIIGFVFTL,3
AIRGWVFTL,QILGFVFTL,3
AIRGWVFTL,QILGWVVTL,3
AIRGWVFTL,RIKGFVFTL,3
AIRGWVFTL,RILGWVFTL,2
AIRGWVFTL,SIEGWVVTL,3
AIRGWVFTL,SIIGWVFTL,2
AIRGWVFTL,SILGWVFTL,2
AIRGWVFTL,SILGWVVTL,3
AIRGWVFTL,SIMGFVFTL,3
AIRGWVFTL,SIRGFVFTL,2
AIRGWVFTL,TIKGFVFTL,3
AIRGWVFTL,TILGFVFTL,3
AIRGWVFTL,TILGWVFTL,2
AIRGWVFTL,TILGWVVTL,3
AIRGWVFTL,TIMGWVFTL,2
AIRGWVFTL,VIIGFVFTL,3
AIRGWVFTL,VILGFVFTL,3
AIRGWVFTL,VILGWVFTL,2
AIRGWVFTL,VILGWVVTL,3
AIRGWVFTL,VIMGWVFTL,2
AIRGWVFTL,VIVGFVFTL,3
AIRGWVFTL,WILGWVFTL,2
AIRGWVFTL,WILGWVVTL,3
AIRGWVFTL,YILGFVFTL,3
AIRGWVFTL,YILGWVFTL,2
AIRGWVFTL,YILGWVVTL,3
AIRGWVFTL,YIRGWVFTL,1
AIVGFVFTL,CILGWVFTL,3
AIVGFVFTL,DILGWVFTL,3
AIVGFVFTL,DIMGWVFTL,3
AIVGFVFTL,EIKGFVFTL,2
AIVGFVFTL,EILGWVFTL,3
AIVGFVFTL,EIVGFVFTL,1
AIVGFVFTL,GIKGWVFTL,3
AIVGFVFTL,GILGFVFSL,3
AIVGFVFTL,GILGFVFTL,2
AIVGFVFTL,GILGFVWTL,3
AIVGFVFTL,GILGWVFTL,3
AIVGFVFTL,GIMGFVFTL,2
AIVGFVFTL,GIMGWVFTL,3
AIVGFVFTL,GIPGWVFTL,3
AIVGFVFTL,GIVGWVVTL,3
AIVGFVFTL,HIKGFVFSL,3
AIVGFVFTL,HILGFVFAL,3
AIVGFVFTL,HILGFVFTL,2
AIVGFVFTL,HILGWVFTL,3
AIVGFVFTL,HIRGWVFTL,3
AIVGFVFTL,HIVGFVFTL,1
AIVGFVFTL,IILGFVFTL,2
AIVGFVFTL,LIIGFVFTL,2
AIVGFVFTL,LILGFVFTL,2
AIVGFVFTL,LILGFVWTL,3
AIVGFVFTL,LILGWVFTL,3
AIVGFVFTL,LIMGWVFTL,3
AIVGFVFTL,LIRGFVFTL,2
AIVGFVFTL,LIVGFVFTL,1
AIVGFVFTL,MILGFVWTL,3
AIVGFVFTL,NIKGFVFTL,2
AIVGFVFTL,NILGFVFSL,3
AIVGFVFTL,NILGWVFTL,3
AIVGFVFTL,NIPGFVFTL,2
AIVGFVFTL,NIRGFVFTL,2
AIVGFVFTL,PILGFVFTL,2
AIVGFVFTL,PILGWVFTL,3
AIVGFVFTL,QIIGFVFTL,2
AIVGFVFTL,QILGFVFTL,2
AIVGFVFTL,QILGFVWTL,3
AIVGFVFTL,RIKGFVFSL,3
AIVGFVFTL,RIKGFVFTL,2
AIVGFVFTL,RILGWVFTL,3
AIVGFVFTL,SIIGWVFTL,3
AIVGFVFTL,SIKGFVFSL,3
AIVGFVFTL,SILGWVFTL,3
AIVGFVFTL,SIMGFVFTL,2
AIVGFVFTL,SIRGFVFTL,2
AIVGFVFTL,TIKGFVFTL,2
AIVGFVFTL,TILGFVFSL,3
AIVGFVFTL,TILGFVFTL,2
AIVGFVFTL,TILGFVWTL,3
AIVGFVFTL,TILGWVFTL,3
AIVGFVFTL,TIMGWVFTL,3
AIVGFVFTL,VIIGFVFTL,2
AIVGFVFTL,VILGFVFTL,2
AIVGFVFTL,VILGFVWTL,3
AIVGFVFTL,VILGWVFTL,3
AIVGFVFTL,VIMGWVFTL,3
AIVGFVFTL,VIVGFVFTL,1
AIVGFVFTL,WILGFVWTL,3
AIVGFVFTL,WILGWVFTL,3
AIVGFVFTL,YIKGFVFSL,3
AIVGFVFTL,YILGFVFTL,2
AIVGFVFTL,YILGFVWTL,3
AIVGFVFTL,YILGWVFTL,3
AIVGFVFTL,YIRGWVFTL,3
AIWGIAWTL,CIWGVFWTL,3
AIWGIAWTL,GIWAIHWTL,3
AIWGIAWTL,GIWGIAWTL,1
AIWGIAWTL,GIWGISWTL,2
AIWGIAWTL,GIWGLYWTL,3
AIWGIAWTL,GIWGVFWTL,3
AIWGIAWTL,GIWQIFWTL,3
AIWGIAWTL,KIWGLYWTL,3
AIWGIAWTL,LIWGLFWTL,3
AIWGIAWTL,LIWGVYWTL,3
AIWGIAWTL,RIWGIFWTL,2
AIWGIAWTL,RIWGVFWTL,3
AIWGIAWTL,TIWGTHWTL,3
CIAGLWGTL,GIAGLWGTL,1
CIAGLWGTL,SIAGLWGTL,1
CIAGLWGTL,TIAGLWGTL,1
CIKGWVVTL,CILGWVFTL,2
CIKGWVVTL,CILGWVVTL,1
CIKGWVVTL,DILGWVFTL,3
CIKGWVVTL,DIMGWVFTL,3
CIKGWVVTL,EIKGFVFTL,3
CIKGWVVTL,EILGWVFTL,3
CIKGWVVTL,GIIGWVVTL,2
CIKGWVVTL,GIKGWVFTL,2
CIKGWVVTL,GILGWVFTL,3
CIKGWVVTL,GILGWVVSL,3
CIKGWVVTL,GILGWVVTL,2
CIKGWVVTL,GIMGWVFTL,3
CIKGWVVTL,GIPGWVFTL,3
CIKGWVVTL,GIVGWVVTL,2
CIKGWVVTL,HIEGWVVTL,2
CIKGWVVTL,HILGWVFTL,3
CIKGWVVTL,HIRGWVFTL,3
CIKGWVVTL,LILGWVFTL,3
CIKGWVVTL,LILGWVVTL,2
CIKGWVVTL,LIMGWVFTL,3
CIKGWVVTL,MIEGWVVTL,2
CIKGWVVTL,NIKGFVFTL,3
CIKGWVVTL,NILGWVFTL,3
CIKGWVVTL,NILGWVVTL,2
CIKGWVVTL,PILGWVFTL,3
CIKGWVVTL,QILGWVVTL,2
CIKGWVVTL,RIKGFVFTL,3
CIKGWVVTL,RILGWVFTL,3
CIKGWVVTL,SIEGWVVTL,2
CIKGWVVTL,SIIGWVFTL,3
CIKGWVVTL,SILGWVFTL,3
CIKGWVVTL,SILGWVVTL,2
CIKGWVVTL,TIKGFVFTL,3
CIKGWVVTL,TILGWVFTL,3
CIKGWVVTL,TILGWVVTL,2
CIKGWVVTL,TIMGWVFTL,3
CIKGWVVTL,VILGWVFTL,3
CIKGWVVTL,VILGWVVTL,2
CIKGWVVTL,VIMGWVFTL,3
CIKGWVVTL,WILGWVFTL,3
CIKGWVVTL,WILGWVVTL,2
CIKGWVVTL,YILGWVFTL,3
CIKGWVVTL,YILGWVVTL,2
CIKGWVVTL,YIRGWVFTL,3
CILGWVFTL,CILGWVVTL,1
CILGWVFTL,DILGWVFTL,1
CILGWVFTL,DIMGWVFTL,2
CILGWVFTL,EIKGFVFTL,3
CILGWVFTL,EILGWVFSL,2
CILGWVFTL,EILGWVFTL,1
CILGWVFTL,EIVGFVFTL,3
CILGWVFTL,GIIGWVVTL,3
CILGWVFTL,GIKGWVFTL,2
CILGWVFTL,GILGFVFSL,3
CILGWVFTL,GILGFVFTL,2
CILGWVFTL,GILGFVWTL,3
CILGWVFTL,GILGWVFTL,1
CILGWVFTL,GILGWVVSL,3
CILGWVFTL,GILGWVVTL,2
CILGWVFTL,GIMGFVFTL,3
CILGWVFTL,GIMGWVFTL,2
CILGWVFTL,GIPGWVFSL,3
CILGWVFTL,GIPGWVFTL,2
CILGWVFTL,GIVGWVVTL,3
CILGWVFTL,HIEGWVVTL,3
CILGWVFTL,HILGFVFAL,3
CILGWVFTL,HILGFVFTL,2
CILGWVFTL,HILGWVFTL,1
CILGWVFTL,HIPGWVFSL,3
CILGWVFTL,HIRGWVFTL,2
CILGWVFTL,HIVGFVFTL,3
CILGWVFTL,IILGFVFTL,2
CILGWVFTL,LIIGFVFTL,3
CILGWVFTL,LILGFVFTL,2
CILGWVFTL,LILGFVWTL,3
CILGWVFTL,LILGWVFTL,1
CILGWVFTL,LILGWVVTL,2
CILGWVFTL,LIMGWVFTL,2
CILGWVFTL,LIRGFVFTL,3
CILGWVFTL,LIVGFVFTL,3
CILGWVFTL,MIEGWVVTL,3
CILGWVFTL,MILGFVWTL,3
CILGWVFTL,NIKGFVFTL,3
CILGWVFTL,NILGFVFSL,3
CILGWVFTL,NILGWVFTL,1
CILGWVFTL,NILGWVVTL,2
CILGWVFTL,NIPGFVFTL,3
CILGWVFTL,NIRGFVFTL,3
CILGWVFTL,PILGFVFTL,2
CILGWVFTL,PILGWVFTL,1
CILGWVFTL,QIIGFVFTL,3
CILGWVFTL,QILGFVFTL,2
CILGWVFTL,QILGFVWTL,3
CILGWVFTL,QILGWVVTL,2
CILGWVFTL,RIKGFVFTL,3
CILGWVFTL,RILGWVFTL,1
CILGWVFTL,SIEGWVVTL,3
CILGWVFTL,SIIGWVFTL,2
CILGWVFTL,SILGWVFTL,1
CILGWVFTL,SILGWVVTL,2
CILGWVFTL,SIMGFVFTL,3
CILGWVFTL,SIRGFVFTL,3
CILGWVFTL,TIKGFVFTL,3
CILGWVFTL,TILGFVFSL,3
CILGWVFTL,TILGFVFTL,2
CILGWVFTL,TILGFVWTL,3
CILGWVFTL,TILGWVFTL,1
CILGWVFTL,TILGWVVTL,2
CILGWVFTL,TIMGWVFTL,2
CILGWVFTL,VIIGFVFTL,3
CILGWVFTL,VILGFVFTL,2
CILGWVFTL,VILGFVWTL,3
CILGWVFTL,VILGWVFTL,1
CILGWVFTL,VILGWVVTL,2
CILGWVFTL,VIMGWVFTL,2
CILGWVFTL,VIVGFVFTL,3
CILGWVFTL,WILGFVWTL,3
CILGWVFTL,WILGWVFTL,1
CILGWVFTL,WILGWVVTL,2
CILGWVFTL,YILGFVFTL,2
CILGWVFTL,YILGFVWTL,3
CILGWVFTL,YILGWVFTL,1
CILGWVFTL,YILGWVVTL,2
CILGWVFTL,YIRGWVFTL,2
CILGWVVTL,DILGWVFTL,2
CILGWVVTL,DIMGWVFTL,3
CILGWVVTL,EILGWVFSL,3
CILGWVVTL,EILGWVFTL,2
CILGWVVTL,GIIGWVVTL,2
CILGWVVTL,GIKGWVFTL,3
CILGWVVTL,GILGFVFTL,3
CILGWVVTL,GILGFVWTL,3
CILGWVVTL,GILGWVFTL,2
CILGWVVTL,GILGWVVSL,2
CILGWVVTL,GILGWVVTL,1
CILGWVVTL,GIMGWVFTL,3
CILGWVVTL,GIPGWVFTL,3
CILGWVVTL,GIVGWVVTL,2
CILGWVVTL,HIEGWVVTL,2
CILGWVVTL,HILGFVFTL,3
CILGWVVTL,HILGWVFTL,2
CILGWVVTL,HIRGWVFTL,3
CILGWVVTL,IILGFVFTL,3
CILGWVVTL,LILGFVFTL,3
CILGWVVTL,LILGFVWTL,3
CILGWVVTL,LILGWVFTL,2
CILGWVVTL,LILGWVVTL,1
CILGWVVTL,LIMGWVFTL,3
CILGWVVTL,MIEGWVVTL,2
CILGWVVTL,MILGFVWTL,3
CILGWVVTL,NILGWVFTL,2
CILGWVVTL,NILGWVVTL,1
CILGWVVTL,PILGFVFTL,3
CILGWVVTL,PILGWVFTL,2
CILGWVVTL,QILGFVFTL,3
CILGWVVTL,QILGFVWTL,3
CILGWVVTL,QILGWVVTL,1
CILGWVVTL,RILGWVFTL,2
CILGWVVTL,SIEGWVVTL,2
CILGWVVTL,SIIGWVFTL,3
CILGWVVTL,SILGWVFTL,2
CILGWVVTL,SILGWVVTL,1
CILGWVVTL,TILGFVFTL,3
CILGWVVTL,TILGFVWTL,3
CILGWVVTL,TILGWVFTL,2
CILGWVVTL,TILGWVVTL,1
CILGWVVTL,TIMGWVFTL,3
CILGWVVTL,VILGFVFTL,3
CILGWVVTL,VILGFVWTL,3
CILGWVVTL,VILGWVFTL,2
CILGWVVTL,VILGWVVTL,1
CILGWVVTL,VIMGWVFTL,3
CILGWVVTL,WILGFVWTL,3
CILGWVVTL,WILGWVFTL,2
CILGWVVTL,WILGWVVTL,1
CILGWVVTL,YILGFVFTL,3
CILGWVVTL,YILGFVWTL,3
CILGWVVTL,YILGWVFTL,2
CILGWVVTL,YILGWVVTL,1
CILGWVVTL,YIRGWVFTL,3
CIWGVFWTL,GIWGIAWTL,3
CIWGVFWTL,GIWGISWTL,3
CIWGVFWTL,GIWGLFWSL,3
CIWGVFWTL,GIWGLYWTL,3
CIWGVFWTL,GIWGVFWTL,1
CIWGVFWTL,GIWQIFWTL,3
CIWGVFWTL,KIWGLYWTL,3
CIWGVFWTL,LIWGLFWTL,2
CIWGVFWTL,LIWGVYWTL,2
CIWGVFWTL,MIWGVSWLL,3
CIWGVFWTL,RIWGIFWTL,2
CIWGVFWTL,RIWGVFWTL,1
CIWGVFWTL,RIYGLFWTL,3
CIWGVFWTL,TIWGTHWTL,3
DILGWVFTL,DIMGWVFTL,1
DILGWVFTL,EIKGFVFTL,3
DILGWVFTL,EILGWVFSL,2
DILGWVFTL,EILGWVFTL,1
DILGWVFTL,EIVGFVFTL,3
DILGWVFTL,GIIGWVVTL,3
DILGWVFTL,GIKGWVFTL,2
DILGWVFTL,GILGFVFSL,3
DILGWVFTL,GILGFVFTL,2
DILGWVFTL,GILGFVWTL,3
DILGWVFTL,GILGWVFTL,1
DILGWVFTL,GILGWVVSL,3
DILGWVFTL,GILGWVVTL,2
DILGWVFTL,GIMGFVFTL,3
DILGWVFTL,GIMGWVFTL,2
DILGWVFTL,GIPGWVFSL,3
DILGWVFTL,GIPGWVFTL,2
DILGWVFTL,GIVGWVVTL,3
DILGWVFTL,HIEGWVVTL,3
DILGWVFTL,HILGFVFAL,3
DILGWVFTL,HILGFVFTL,2
DILGWVFTL,HILGWVFTL,1
DILGWVFTL,HIPGWVFSL,3
DILGWVFTL,HIRGWVFTL,2
DILGWVFTL,HIVGFVFTL,3
DILGWVFTL,IILGFVFTL,2
DILGWVFTL,LIIGFVFTL,3
DILGWVFTL,LILGFVFTL,2
DILGWVFTL,LILGFVWTL,3
DILGWVFTL,LILGWVFTL,1
DILGWVFTL,LILGWVVTL,2
DILGWVFTL,LIMGWVFTL,2
DILGWVFTL,LIRGFVFTL,3
DILGWVFTL,LIVGFVFTL,3
DILGWVFTL,MIEGWVVTL,3
DILGWVFTL,MILGFVWTL,3
DILGWVFTL,NIKGFVFTL,3
DILGWVFTL,NILGFVFSL,3
DILGWVFTL,NILGWVFTL,1
DILGWVFTL,NILGWVVTL,2
DILGWVFTL,NIPGFVFTL,3
DILGWVFTL,NIRGFVFTL,3
DILGWVFTL,PILGFVFTL,2
DILGWVFTL,PILGWVFTL,1
DILGWVFTL,QIIGFVFTL,3
DILGWVFTL,QILGFVFTL,2
DILGWVFTL,QILGFVWTL,3
DILGWVFTL,QILGWVVTL,2
DILGWVFTL,RIKGFVFTL,3
DILGWVFTL,RILGWVFTL,1
DILGWVFTL,SIEGWVVTL,3
DILGWVFTL,SIIGWVFTL,2
DILGWVFTL,SILGWVFTL,1
DILGWVFTL,SILGWVVTL,2
DILGWVFTL,SIMGFVFTL,3
DILGWVFTL,SIRGFVFTL,3
DILGWVFTL,TIKGFVFTL,3
DILGWVFTL,TILGFVFSL,3
DILGWVFTL,TILGFVFTL,2
DILGWVFTL,TILGFVWTL,3
DILGWVFTL,TILGWVFTL,1
DILGWVFTL,TILGWVVTL,2
DILGWVFTL,TIMGWVFTL,2
DILGWVFTL,VIIGFVFTL,3
DILGWVFTL,VILGFVFTL,2
DILGWVFTL,VILGFVWTL,3
DILGWVFTL,VILGWVFTL,1
DILGWVFTL,VILGWVVTL,2
DILGWVFTL,VIMGWVFTL,2
DILGWVFTL,VIVGFVFTL,3
DILGWVFTL,WILGFVWTL,3
DILGWVFTL,WILGWVFTL,1
DILGWVFTL,WILGWVVTL,2
DILGWVFTL,YILGFVFTL,2
DILGWVFTL,YILGFVWTL,3
DILGWVFTL,YILGWVFTL,1
DILGWVFTL,YILGWVVTL,2
DILGWVFTL,YIRGWVFTL,2
DIMGWVFTL,EIKGFVFTL,3
DIMGWVFTL,EILGWVFSL,3
DIMGWVFTL,EILGWVFTL,2
DIMGWVFTL,EIVGFVFTL,3
DIMGWVFTL,GIIGWVVTL,3
DIMGWVFTL,GIKGWVFTL,2
DIMGWVFTL,GILGFVFTL,3
DIMGWVFTL,GILGWVFTL,2
DIMGWVFTL,GILGWVVTL,3
DIMGWVFTL,GIMGFVFTL,2
DIMGWVFTL,GIMGWVFTL,1
DIMGWVFTL,GIPGWVFSL,3
DIMGWVFTL,GIPGWVFTL,2
DIMGWVFTL,GIVGWVVTL,3
DIMGWVFTL,HIEGWVVTL,3
DIMGWVFTL,HILGFVFTL,3
DIMGWVFTL,HILGWVFTL,2
DIMGWVFTL,HIPGWVFSL,3
DIMGWVFTL,HIRGWVFTL,2
DIMGWVFTL,HIVGFVFTL,3
DIMGWVFTL,IILGFVFTL,3
DIMGWVFTL,LIIGFVFTL,3
DIMGWVFTL,LILGFVFTL,3
DIMGWVFTL,LILGWVFTL,2
DIMGWVFTL,LILGWVVTL,3
DIMGWVFTL,LIMGWVFTL,1
DIMGWVFTL,LIRGFVFTL,3
DIMGWVFTL,LIVGFVFTL,3
DIMGWVFTL,MIEGWVVTL,3
DIMGWVFTL,NIKGFVFTL,3
DIMGWVFTL,NILGWVFTL,2
DIMGWVFTL,NILGWVVTL,3
DIMGWVFTL,NIPGFVFTL,3
DIMGWVFTL,NIRGFVFTL,3
DIMGWVFTL,PILGFVFTL,3
DIMGWVFTL,PILGWVFTL,2
DIMGWVFTL,QIIGFVFTL,3
DIMGWVFTL,QILGFVFTL,3
DIMGWVFTL,QILGWVVTL,3
DIMGWVFTL,RIKGFVFTL,3
DIMGWVFTL,RILGWVFTL,2
DIMGWVFTL,SIEGWVVTL,3
DIMGWVFTL,SIIGWVFTL,2
DIMGWVFTL,SILGWVFTL,2
DIMGWVFTL,SILGWVVTL,3
DIMGWVFTL,SIMGFVFTL,2
DIMGWVFTL,SIRGFVFTL,3
DIMGWVFTL,TIKGFVFTL,3
DIMGWVFTL,TILGFVFTL,3
DIMGWVFTL,TILGWVFTL,2
DIMGWVFTL,TILGWVVTL,3
DIMGWVFTL,TIMGWVFTL,1
DIMGWVFTL,VIIGFVFTL,3
DIMGWVFTL,VILGFVFTL,3
DIMGWVFTL,VILGWVFTL,2
DIMGWVFTL,VILGWVVTL,3
DIMGWVFTL,VIMGWVFTL,1
DIMGWVFTL,VIVGFVFTL,3
DIMGWVFTL,WILGWVFTL,2
DIMGWVFTL,WILGWVVTL,3
DIMGWVFTL,YILGFVFTL,3
DIMGWVFTL,YILGWVFTL,2
DIMGWVFTL,YILGWVVTL,3
DIMGWVFTL,YIRGWVFTL,2
EIKGFVFTL,EILGWVFSL,3
EIKGFVFTL,EILGWVFTL,2
EIKGFVFTL,EIVGFVFTL,1
EIKGFVFTL,GIKGWVFTL,2
EIKGFVFTL,GILGFVFSL,3
EIKGFVFTL,GILGFVFTL,2
EIKGFVFTL,GILGFVWTL,3
EIKGFVFTL,GILGWVFTL,3
EIKGFVFTL,GIMGFVFTL,2
EIKGFVFTL,GIMGWVFTL,3
EIKGFVFTL,GIPGWVFTL,3
EIKGFVFTL,HIKGFVFSL,2
EIKGFVFTL,HILGFVFAL,3
EIKGFVFTL,HILGFVFTL,2
EIKGFVFTL,HILGWVFTL,3
EIKGFVFTL,HIRGWVFTL,3
EIKGFVFTL,HIVGFVFTL,2
EIKGFVFTL,IILGFVFTL,2
EIKGFVFTL,LIIGFVFTL,2
EIKGFVFTL,LILGFVFTL,2
EIKGFVFTL,LILGFVWTL,3
EIKGFVFTL,LILGWVFTL,3
EIKGFVFTL,LIMGWVFTL,3
EIKGFVFTL,LIRGFVFTL,2
EIKGFVFTL,LIVGFVFTL,2
EIKGFVFTL,MILGFVWTL,3
EIKGFVFTL,NIKGFVFTL,1
EIKGFVFTL,NILGFVFSL,3
EIKGFVFTL,NILGWVFTL,3
EIKGFVFTL,NIPGFVFTL,2
EIKGFVFTL,NIRGFVFTL,2
EIKGFVFTL,PILGFVFTL,2
EIKGFVFTL,PILGWVFTL,3
EIKGFVFTL,QIIGFVFTL,2
EIKGFVFTL,QILGFVFTL,2
EIKGFVFTL,QILGFVWTL,3
EIKGFVFTL,RIKGFVFSL,2
EIKGFVFTL,RIKGFVFTL,1
EIKGFVFTL,RILGWVFTL,3
EIKGFVFTL,SIIGWVFTL,3
EIKGFVFTL,SIKGFVFSL,2
EIKGFVFTL,SILGWVFTL,3
EIKGFVFTL,SIMGFVFTL,2
EIKGFVFTL,SIRGFVFTL,2
EIKGFVFTL,TIKGFVFTL,1
EIKGFVFTL,TILGFVFSL,3
EIKGFVFTL,TILGFVFTL,2
EIKGFVFTL,TILGFVWTL,3
EIKGFVFTL,TILGWVFTL,3
EIKGFVFTL,TIMGWVFTL,3
EIKGFVFTL,VIIGFVFTL,2
EIKGFVFTL,VILGFVFTL,2
EIKGFVFTL,VILGFVWTL,3
EIKGFVFTL,VILGWVFTL,3
EIKGFVFTL,VIMGWVFTL,3
EIKGFVFTL,VIVGFVFTL,2
EIKGFVFTL,WILGFVWTL,3
EIKGFVFTL,WILGWVFTL,3
EIKGFVFTL,YIKGFVFSL,2
EIKGFVFTL,YILGFVFTL,2
EIKGFVFTL,YILGFVWTL,3
EIKGFVFTL,YILGWVFTL,3
EIKGFVFTL,YIRGWVFTL,3
EILGWVFSL,EILGWVFTL,1
EILGWVFSL,EIVGFVFTL,3
EILGWVFSL,GIKGWVFTL,3
EILGWVFSL,GILGFVFSL,2
EILGWVFSL,GILGFVFTL,3
EILGWVFSL,GILGWVFTL,2
EILGWVFSL,GILGWVVSL,2
EILGWVFSL,GILGWVVTL,3
EILGWVFSL,GIMGWVFTL,3
EILGWVFSL,GIPGWVFSL,2
EILGWVFSL,GIPGWVFTL,3
EILGWVFSL,HIKGFVFSL,3
EILGWVFSL,HILGFVFAL,3
EILGWVFSL,HILGFVFTL,3
EILGWVFSL,HILGWVFTL,2
EILGWVFSL,HIPGWVFSL,2
EILGWVFSL,HIRGWVFTL,3
EILGWVFSL,IILGFVFTL,3
EILGWVFSL,LILGFVFTL,3
EILGWVFSL,LILGWVFTL,2
EILGWVFSL,LILGWVVTL,3
EILGWVFSL,LIMGWVFTL,3
EILGWVFSL,NILGFVFSL,2
EILGWVFSL,NILGWVFTL,2
EILGWVFSL,NILGWVVTL,3
EILGWVFSL,PILGFVFTL,3
EILGWVFSL,PILGWVFTL,2
EILGWVFSL,QILGFVFTL,3
EILGWVFSL,QILGWVVTL,3
EILGWVFSL,RIKGFVFSL,3
EILGWVFSL,RILGWVFTL,2
EILGWVFSL,SIIGWVFTL,3
EILGWVFSL,SIKGFVFSL,3
EILGWVFSL,SILGWVFTL,2
EILGWVFSL,SILGWVVTL,3
EILGWVFSL,TILGFVFSL,2
EILGWVFSL,TILGFVFTL,3
EILGWVFSL,TILGWVFTL,2
EILGWVFSL,TILGWVVTL,3
EILGWVFSL,TIMGWVFTL,3
EILGWVFSL,VILGFVFTL,3
EILGWVFSL,VILGWVFTL,2
EILGWVFSL,VILGWVVTL,3
EILGWVFSL,VIMGWVFTL,3
EILGWVFSL,WILGWVFTL,2
EILGWVFSL,WILGWVVTL,3
EILGWVFSL,YIKGFVFSL,3
EILGWVFSL,YILGFVFTL,3
EILGWVFSL,YILGWVFTL,2
EILGWVFSL,YILGWVVTL,3
EILGWVFSL,YIRGWVFTL,3
EILGWVFTL,EINVWVRTL,3
EILGWVFTL,EIVGFVFTL,2
EILGWVFTL,GIIGWVVTL,3
EILGWVFTL,GIKGWVFTL,2
EILGWVFTL,GILGFVFSL,3
EILGWVFTL,GILGFVFTL,2
EILGWVFTL,GILGFVWTL,3
EILGWVFTL,GILGWVFTL,1
EILGWVFTL,GILGWVVSL,3
EILGWVFTL,GILGWVVTL,2
EILGWVFTL,GIMGFVFTL,3
EILGWVFTL,GIMGWVFTL,2
EILGWVFTL,GIPGWVFSL,3
EILGWVFTL,GIPGWVFTL,2
EILGWVFTL,GIVGWVVTL,3
EILGWVFTL,HIEGWVVTL,3
EILGWVFTL,HILGFVFAL,3
EILGWVFTL,HILGFVFTL,2
EILGWVFTL,HILGWVFTL,1
EILGWVFTL,HIPGWVFSL,3
EILGWVFTL,HIRGWVFTL,2
EILGWVFTL,HIVGFVFTL,3
EILGWVFTL,IILGFVFTL,2
EILGWVFTL,LIIGFVFTL,3
EILGWVFTL,LILGFVFTL,2
EILGWVFTL,LILGFVWTL,3
EILGWVFTL,LILGWVFTL,1
EILGWVFTL,LILGWVVTL,2
EILGWVFTL,LIMGWVFTL,2
EILGWVFTL,LIRGFVFTL,3
EILGWVFTL,LIVGFVFTL,3
EILGWVFTL,MIEGWVVTL,3
EILGWVFTL,MILGFVWTL,3
EILGWVFTL,NIKGFVFTL,3
EILGWVFTL,NILGFVFSL,3
EILGWVFTL,NILGWVFTL,1
EILGWVFTL,NILGWVVTL,2
EILGWVFTL,NIPGFVFTL,3
EILGWVFTL,NIRGFVFTL,3
EILGWVFTL,PILGFVFTL,2
EILGWVFTL,PILGWVFTL,1
EILGWVFTL,QIIGFVFTL,3
EILGWVFTL,QILGFVFTL,2
EILGWVFTL,QILGFVWTL,3
EILGWVFTL,QILGWVVTL,2
EILGWVFTL,RIKGFVFTL,3
EILGWVFTL,RILGWVFTL,1
EILGWVFTL,SIEGWVVTL,3
EILGWVFTL,SIIGWVFTL,2
EILGWVFTL,SILGWVFTL,1
EILGWVFTL,SILGWVVTL,2
EILGWVFTL,SIMGFVFTL,3
EILGWVFTL,SIRGFVFTL,3
EILGWVFTL,TIKGFVFTL,3
EILGWVFTL,TILGFVFSL,3
EILGWVFTL,TILGFVFTL,2
EILGWVFTL,TILGFVWTL,3
EILGWVFTL,TILGWVFTL,1
EILGWVFTL,TILGWVVTL,2
EILGWVFTL,TIMGWVFTL,2
EILGWVFTL,VIIGFVFTL,3
EILGWVFTL,VILGFVFTL,2
EILGWVFTL,VILGFVWTL,3
EILGWVFTL,VILGWVFTL,1
EILGWVFTL,VILGWVVTL,2
EILGWVFTL,VIMGWVFTL,2
EILGWVFTL,VIVGFVFTL,3
EILGWVFTL,WILGFVWTL,3
EILGWVFTL,WILGWVFTL,1
EILGWVFTL,WILGWVVTL,2
EILGWVFTL,YILGFVFTL,2
EILGWVFTL,YILGFVWTL,3
EILGWVFTL,YILGWVFTL,1
EILGWVFTL,YILGWVVTL,2
EILGWVFTL,YIRGWVFTL,2
EIVGFVFTL,GIKGWVFTL,3
EIVGFVFTL,GILGFVFSL,3
EIVGFVFTL,GILGFVFTL,2
EIVGFVFTL,GILGFVWTL,3
EIVGFVFTL,GILGWVFTL,3
EIVGFVFTL,GIMGFVFTL,2
EIVGFVFTL,GIMGWVFTL,3
EIVGFVFTL,GIPGWVFTL,3
EIVGFVFTL,GIVGWVVTL,3
EIVGFVFTL,HIKGFVFSL,3
EIVGFVFTL,HILGFVFAL,3
EIVGFVFTL,HILGFVFTL,2
EIVGFVFTL,HILGWVFTL,3
EIVGFVFTL,HIRGWVFTL,3
EIVGFVFTL,HIVGFVFTL,1
EIVGFVFTL,IILGFVFTL,2
EIVGFVFTL,LIIGFVFTL,2
EIVGFVFTL,LILGFVFTL,2
EIVGFVFTL,LILGFVWTL,3
EIVGFVFTL,LILGWVFTL,3
EIVGFVFTL,LIMGWVFTL,3
EIVGFVFTL,LIRGFVFTL,2
EIVGFVFTL,LIVGFVFTL,1
EIVGFVFTL,MILGFVWTL,3
EIVGFVFTL,NIKGFVFTL,2
EIVGFVFTL,NILGFVFSL,3
EIVGFVFTL,NILGWVFTL,3
EIVGFVFTL,NIPGFVFTL,2
EIVGFVFTL,NIRGFVFTL,2
EIVGFVFTL,PILGFVFTL,2
EIVGFVFTL,PILGWVFTL,3
EIVGFVFTL,QIIGFVFTL,2
EIVGFVFTL,QILGFVFTL,2
EIVGFVFTL,QILGFVWTL,3
EIVGFVFTL,RIKGFVFSL,3
EIVGFVFTL,RIKGFVFTL,2
EIVGFVFTL,RILGWVFTL,3
EIVGFVFTL,SIIGWVFTL,3
EIVGFVFTL,SIKGFVFSL,3
EIVGFVFTL,SILGWVFTL,3
EIVGFVFTL,SIMGFVFTL,2
EIVGFVFTL,SIRGFVFTL,2
EIVGFVFTL,TIKGFVFTL,2
EIVGFVFTL,TILGFVFSL,3
EIVGFVFTL,TILGFVFTL,2
EIVGFVFTL,TILGFVWTL,3
EIVGFVFTL,TILGWVFTL,3
EIVGFVFTL,TIMGWVFTL,3
EIVGFVFTL,VIIGFVFTL,2
EIVGFVFTL,VILGFVFTL,2
EIVGFVFTL,VILGFVWTL,3
EIVGFVFTL,VILGWVFTL,3
EIVGFVFTL,VIMGWVFTL,3
EIVGFVFTL,VIVGFVFTL,1
EIVGFVFTL,WILGFVWTL,3
EIVGFVFTL,WILGWVFTL,3
EIVGFVFTL,YIKGFVFSL,3
EIVGFVFTL,YILGFVFTL,2
EIVGFVFTL,YILGFVWTL,3
EIVGFVFTL,YILGWVFTL,3
EIVGFVFTL,YIRGWVFTL,3
GIAGLWGTL,GIWGLYWTL,3
GIAGLWGTL,SIAGLWGTL,1
GIAGLWGTL,TIAGLWGTL,1
GIIGWVVTL,GIKGWVFTL,2
GIIGWVVTL,GILGFVFTL,3
GIIGWVVTL,GILGFVWTL,3
GIIGWVVTL,GILGWVFTL,2
GIIGWVVTL,GILGWVVSL,2
GIIGWVVTL,GILGWVVTL,1
GIIGWVVTL,GIMGFVFTL,3
GIIGWVVTL,GIMGWVFTL,2
GIIGWVVTL,GIPGWVFSL,3
GIIGWVVTL,GIPGWVFTL,2
GIIGWVVTL,GIVGWVVTL,1
GIIGWVVTL,HIEGWVVTL,2
GIIGWVVTL,HILGWVFTL,3
GIIGWVVTL,HIRGWVFTL,3
GIIGWVVTL,LIIGFVFTL,3
GIIGWVVTL,LILGWVFTL,3
GIIGWVVTL,LILGWVVTL,2
GIIGWVVTL,LIMGWVFTL,3
GIIGWVVTL,MIEGWVVTL,2
GIIGWVVTL,NILGWVFTL,3
GIIGWVVTL,NILGWVVTL,2
GIIGWVVTL,PILGWVFTL,3
GIIGWVVTL,QIIGFVFTL,3
GIIGWVVTL,QILGWVVTL,2
GIIGWVVTL,RILGWVFTL,3
GIIGWVVTL,SIEGWVVTL,2
GIIGWVVTL,SIIGWVFTL,2
GIIGWVVTL,SILGWVFTL,3
GIIGWVVTL,SILGWVVTL,2
GIIGWVVTL,TILGWVFTL,3
GIIGWVVTL,TILGWVVTL,2
GIIGWVVTL,TIMGWVFTL,3
GIIGWVVTL,VIIGFVFTL,3
GIIGWVVTL,VILGWVFTL,3
GIIGWVVTL,VILGWVVTL,2
GIIGWVVTL,VIMGWVFTL,3
GIIGWVVTL,WILGWVFTL,3
GIIGWVVTL,WILGWVVTL,2
GIIGWVVTL,YILGWVFTL,3
GIIGWVVTL,YILGWVVTL,2
GIIGWVVTL,YIRGWVFTL,3
GIKGWVFTL,GILGFVFSL,3
GIKGWVFTL,GILGFVFTL,2
GIKGWVFTL,GILGFVWTL,3
GIKGWVFTL,GILGWVFTL,1
GIKGWVFTL,GILGWVVSL,3
GIKGWVFTL,GILGWVVTL,2
GIKGWVFTL,GIMGFVFTL,2
GIKGWVFTL,GIMGWVFTL,1
GIKGWVFTL,GIPGWVFSL,2
GIKGWVFTL,GIPGWVFTL,1
GIKGWVFTL,GIVGWVVTL,2
GIKGWVFTL,HIEGWVVTL,3
GIKGWVFTL,HIKGFVFSL,3
GIKGWVFTL,HILGFVFTL,3
GIKGWVFTL,HILGWVFTL,2
GIKGWVFTL,HIPGWVFSL,3
GIKGWVFTL,HIRGWVFTL,2
GIKGWVFTL,HIVGFVFTL,3
GIKGWVFTL,IILGFVFTL,3
GIKGWVFTL,LIIGFVFTL,3
GIKGWVFTL,LILGFVFTL,3
GIKGWVFTL,LILGWVFTL,2
GIKGWVFTL,LILGWVVTL,3
GIKGWVFTL,LIMGWVFTL,2
GIKGWVFTL,LIRGFVFTL,3
GIKGWVFTL,LIVGFVFTL,3
GIKGWVFTL,MIEGWVVTL,3
GIKGWVFTL,NIKGFVFTL,2
GIKGWVFTL,NILGWVFTL,2
GIKGWVFTL,NILGWVVTL,3
GIKGWVFTL,NIPGFVFTL,3
GIKGWVFTL,NIRGFVFTL,3
GIKGWVFTL,PILGFVFTL,3
GIKGWVFTL,PILGWVFTL,2
GIKGWVFTL,QIIGFVFTL,3
GIKGWVFTL,QILGFVFTL,3
GIKGWVFTL,QILGWVVTL,3
GIKGWVFTL,RIKGFVFSL,3
GIKGWVFTL,RIKGFVFTL,2
GIKGWVFTL,RILGWVFTL,2
GIKGWVFTL,SIEGWVVTL,3
GIKGWVFTL,SIIGWVFTL,2
GIKGWVFTL,SIKGFVFSL,3
GIKGWVFTL,SILGWVFTL,2
GIKGWVFTL,SILGWVVTL,3
GIKGWVFTL,SIMGFVFTL,3
GIKGWVFTL,SIRGFVFTL,3
GIKGWVFTL,TIKGFVFTL,2
GIKGWVFTL,TILGFVFTL,3
GIKGWVFTL,TILGWVFTL,2
GIKGWVFTL,TILGWVVTL,3
GIKGWVFTL,TIMGWVFTL,2
GIKGWVFTL,VIIGFVFTL,3
GIKGWVFTL,VILGFVFTL,3
GIKGWVFTL,VILGWVFTL,2
GIKGWVFTL,VILGWVVTL,3
GIKGWVFTL,VIMGWVFTL,2
GIKGWVFTL,VIVGFVFTL,3
GIKGWVFTL,WILGWVFTL,2
GIKGWVFTL,WILGWVVTL,3
GIKGWVFTL,YIKGFVFSL,3
GIKGWVFTL,YILGFVFTL,3
GIKGWVFTL,YILGWVFTL,2
GIKGWVFTL,YILGWVVTL,3
GIKGWVFTL,YIRGWVFTL,2
GILGFVFSL,GILGFVFTL,1
GILGFVFSL,GILGFVWTL,2
GILGFVFSL,GILGWVFTL,2
GILGFVFSL,GILGWVVSL,2
GILGFVFSL,GILGWVVTL,3
GILGFVFSL,GIMGFVFTL,2
GILGFVFSL,GIMGWVFTL,3
GILGFVFSL,GIPGWVFSL,2
GILGFVFSL,GIPGWVFTL,3
GILGFVFSL,HIKGFVFSL,2
GILGFVFSL,HILGFVFAL,2
GILGFVFSL,HILGFVFTL,2
GILGFVFSL,HILGWVFTL,3
GILGFVFSL,HIPGWVFSL,3
GILGFVFSL,HIVGFVFTL,3
GILGFVFSL,IILGFVFTL,2
GILGFVFSL,LIIGFVFTL,3
GILGFVFSL,LILGFVFTL,2
GILGFVFSL,LILGFVWTL,3
GILGFVFSL,LILGWVFTL,3
GILGFVFSL,LIRGFVFTL,3
GILGFVFSL,LIVGFVFTL,3
GILGFVFSL,MILGFVWTL,3
GILGFVFSL,NIKGFVFTL,3
GILGFVFSL,NILGFVFSL,1
GILGFVFSL,NILGWVFTL,3
GILGFVFSL,NIPGFVFTL,3
GILGFVFSL,NIRGFVFTL,3
GILGFVFSL,PILGFVFTL,2
GILGFVFSL,PILGWVFTL,3
GILGFVFSL,QIIGFVFTL,3
GILGFVFSL,QILGFVFTL,2
GILGFVFSL,QILGFVWTL,3
GILGFVFSL,RIKGFVFSL,2
GILGFVFSL,RIKGFVFTL,3
GILGFVFSL,RILGWVFTL,3
GILGFVFSL,SIKGFVFSL,2
GILGFVFSL,SILGWVFTL,3
GILGFVFSL,SIMGFVFTL,3
GILGFVFSL,SIRGFVFTL,3
GILGFVFSL,TIKGFVFTL,3
GILGFVFSL,TILGFVFSL,1
GILGFVFSL,TILGFVFTL,2
GILGFVFSL,TILGFVWTL,3
GILGFVFSL,TILGWVFTL,3
GILGFVFSL,VIIGFVFTL,3
GILGFVFSL,VILGFVFTL,2
GILGFVFSL,VILGFVWTL,3
GILGFVFSL,VILGWVFTL,3
GILGFVFSL,VIVGFVFTL,3
GILGFVFSL,WILGFVWTL,3
GILGFVFSL,WILGWVFTL,3
GILGFVFSL,YIKGFVFSL,2
GILGFVFSL,YILGFVFTL,2
GILGFVFSL,YILGFVWTL,3
GILGFVFSL,YILGWVFTL,3
GILGFVFTL,GILGFVWTL,1
GILGFVFTL,GILGWVFTL,1
GILGFVFTL,GILGWVVSL,3
GILGFVFTL,GILGWVVTL,2
GILGFVFTL,GIMGFVFTL,1
GILGFVFTL,GIMGWVFTL,2
GILGFVFTL,GIPGWVFSL,3
GILGFVFTL,GIPGWVFTL,2
GILGFVFTL,GIVGWVVTL,3
GILGFVFTL,HIKGFVFSL,3
GILGFVFTL,HILGFVFAL,2
GILGFVFTL,HILGFVFTL,1
GILGFVFTL,HILGWVFTL,2
GILGFVFTL,HIRGWVFTL,3
GILGFVFTL,HIVGFVFTL,2
GILGFVFTL,IILGFVFTL,1
GILGFVFTL,LIIGFVFTL,2
GILGFVFTL,LILGFVFTL,1
GILGFVFTL,LILGFVWTL,2
GILGFVFTL,LILGWVFTL,2
GILGFVFTL,LILGWVVTL,3
GILGFVFTL,LIMGWVFTL,3
GILGFVFTL,LIRGFVFTL,2
GILGFVFTL,LIVGFVFTL,2
GILGFVFTL,MILGFVWTL,2
GILGFVFTL,NIKGFVFTL,2
GILGFVFTL,NILGFVFSL,2
GILGFVFTL,NILGWVFTL,2
GILGFVFTL,NILGWVVTL,3
GILGFVFTL,NIPGFVFTL,2
GILGFVFTL,NIRGFVFTL,2
GILGFVFTL,PILGFVFTL,1
GILGFVFTL,PILGWVFTL,2
GILGFVFTL,QIIGFVFTL,2
GILGFVFTL,QILGFVFTL,1
GILGFVFTL,QILGFVWTL,2
GILGFVFTL,QILGWVVTL,3
GILGFVFTL,RIKGFVFSL,3
GILGFVFTL,RIKGFVFTL,2
GILGFVFTL,RILGWVFTL,2
GILGFVFTL,SIIGWVFTL,3
GILGFVFTL,SIKGFVFSL,3
GILGFVFTL,SILGWVFTL,2
GILGFVFTL,SILGWVVTL,3
GILGFVFTL,SIMGFVFTL,2
GILGFVFTL,SIRGFVFTL,2
GILGFVFTL,TIKGFVFTL,2
GILGFVFTL,TILGFVFSL,2
GILGFVFTL,TILGFVFTL,1
GILGFVFTL,TILGFVWTL,2
GILGFVFTL,TILGWVFTL,2
GILGFVFTL,TILGWVVTL,3
GILGFVFTL,TIMGWVFTL,3
GILGFVFTL,VIIGFVFTL,2
GILGFVFTL,VILGFVFTL,1
GILGFVFTL,VILGFVWTL,2
GILGFVFTL,VILGWVFTL,2
GILGFVFTL,VILGWVVTL,3
GILGFVFTL,VIMGWVFTL,3
GILGFVFTL,VIVGFVFTL,2
GILGFVFTL,WILGFVWTL,2
GILGFVFTL,WILGWVFTL,2
GILGFVFTL,WILGWVVTL,3
GILGFVFTL,YIKGFVFSL,3
GILGFVFTL,YILGFVFTL,1
GILGFVFTL,YILGFVWTL,2
GILGFVFTL,YILGWVFTL,2
GILGFVFTL,YILGWVVTL,3
GILGFVFTL,YIRGWVFTL,3
GILGFVWTL,GILGWVFTL,2
GILGFVWTL,GILGWVVSL,3
GILGFVWTL,GILGWVVTL,2
GILGFVWTL,GIMGFVFTL,2
GILGFVWTL,GIMGWVFTL,3
GILGFVWTL,GIPGWVFTL,3
GILGFVWTL,GIVGWVVTL,3
GILGFVWTL,GIWGIAWTL,3
GILGFVWTL,GIWGISWTL,3
GILGFVWTL,GIWGLYWTL,3
GILGFVWTL,GIWGVFWTL,3
GILGFVWTL,HILGFVFAL,3
GILGFVWTL,HILGFVFTL,2
GILGFVWTL,HILGWVFTL,3
GILGFVWTL,HIVGFVFTL,3
GILGFVWTL,IILGFVFTL,2
GILGFVWTL,LIIGFVFTL,3
GILGFVWTL,LILGFVFTL,2
GILGFVWTL,LILGFVWTL,1
GILGFVWTL,LILGWVFTL,3
GILGFVWTL,LILGWVVTL,3
GILGFVWTL,LIRGFVFTL,3
GILGFVWTL,LIVGFVFTL,3
GILGFVWTL,MILGFVWTL,1
GILGFVWTL,NIKGFVFTL,3
GILGFVWTL,NILGFVFSL,3
GILGFVWTL,NILGWVFTL,3
GILGFVWTL,NILGWVVTL,3
GILGFVWTL,NIPGFVFTL,3
GILGFVWTL,NIRGFVFTL,3
GILGFVWTL,PILGFVFTL,2
GILGFVWTL,PILGWVFTL,3
GILGFVWTL,QIIGFVFTL,3
GILGFVWTL,QILGFVFTL,2
GILGFVWTL,QILGFVWTL,1
GILGFVWTL,QILGWVVTL,3
GILGFVWTL,RIKGFVFTL,3
GILGFVWTL,RILGWVFTL,3
GILGFVWTL,SILGWVFTL,3
GILGFVWTL,SILGWVVTL,3
GILGFVWTL,SIMGFVFTL,3
GILGFVWTL,SIRGFVFTL,3
GILGFVWTL,TIKGFVFTL,3
GILGFVWTL,TILGFVFSL,3
GILGFVWTL,TILGFVFTL,2
GILGFVWTL,TILGFVWTL,1
GILGFVWTL,TILGWVFTL,3
GILGFVWTL,TILGWVVTL,3
GILGFVWTL,VIIGFVFTL,3
GILGFVWTL,VILGFVFTL,2
GILGFVWTL,VILGFVWTL,1
GILGFVWTL,VILGWVFTL,3
GILGFVWTL,VILGWVVTL,3
GILGFVWTL,VIVGFVFTL,3
GILGFVWTL,WILGFVWTL,1
GILGFVWTL,WILGWVFTL,3
GILGFVWTL,WILGWVVTL,3
GILGFVWTL,YILGFVFTL,2
GILGFVWTL,YILGFVWTL,1
GILGFVWTL,YILGWVFTL,3
GILGFVWTL,YILGWVVTL,3
GILGWVFTL,GILGWVVSL,2
GILGWVFTL,GILGWVVTL,1
GILGWVFTL,GIMGFVFTL,2
GILGWVFTL,GIMGWVFTL,1
GILGWVFTL,GIPGWVFSL,2
GILGWVFTL,GIPGWVFTL,1
GILGWVFTL,GIVGWVVTL,2
GILGWVFTL,HIEGWVVTL,3
GILGWVFTL,HILGFVFAL,3
GILGWVFTL,HILGFVFTL,2
GILGWVFTL,HILGWVFTL,1
GILGWVFTL,HIPGWVFSL,3
GILGWVFTL,HIRGWVFTL,2
GILGWVFTL,HIVGFVFTL,3
GILGWVFTL,IILGFVFTL,2
GILGWVFTL,LIIGFVFTL,3
GILGWVFTL,LILGFVFTL,2
GILGWVFTL,LILGFVWTL,3
GILGWVFTL,LILGWVFTL,1
GILGWVFTL,LILGWVVTL,2
GILGWVFTL,LIMGWVFTL,2
GILGWVFTL,LIRGFVFTL,3
GILGWVFTL,LIVGFVFTL,3
GILGWVFTL,MIEGWVVTL,3
GILGWVFTL,MILGFVWTL,3
GILGWVFTL,NIKGFVFTL,3
GILGWVFTL,NILGFVFSL,3
GILGWVFTL,NILGWVFTL,1
GILGWVFTL,NILGWVVTL,2
GILGWVFTL,NIPGFVFTL,3
GILGWVFTL,NIRGFVFTL,3
GILGWVFTL,PILGFVFTL,2
GILGWVFTL,PILGWVFTL,1
GILGWVFTL,QIIGFVFTL,3
GILGWVFTL,QILGFVFTL,2
GILGWVFTL,QILGFVWTL,3
GILGWVFTL,QILGWVVTL,2
GILGWVFTL,RIKGFVFTL,3
GILGWVFTL,RILGWVFTL,1
GILGWVFTL,SIEGWVVTL,3
GILGWVFTL,SIIGWVFTL,2
GILGWVFTL,SILGWVFTL,1
GILGWVFTL,SILGWVVTL,2
GILGWVFTL,SIMGFVFTL,3
GILGWVFTL,SIRGFVFTL,3
GILGWVFTL,TIKGFVFTL,3
GILGWVFTL,TILGFVFSL,3
GILGWVFTL,TILGFVFTL,2
GILGWVFTL,TILGFVWTL,3
GILGWVFTL,TILGWVFTL,1
GILGWVFTL,TILGWVVTL,2
GILGWVFTL,TIMGWVFTL,2
GILGWVFTL,VIIGFVFTL,3
GILGWVFTL,VILGFVFTL,2
GILGWVFTL,VILGFVWTL,3
GILGWVFTL,VILGWVFTL,1
GILGWVFTL,VILGWVVTL,2
GILGWVFTL,VIMGWVFTL,2
GILGWVFTL,VIVGFVFTL,3
GILGWVFTL,WILGFVWTL,3
GILGWVFTL,WILGWVFTL,1
GILGWVFTL,WILGWVVTL,2
GILGWVFTL,YILGFVFTL,2
GILGWVFTL,YILGFVWTL,3
GILGWVFTL,YILGWVFTL,1
GILGWVFTL,YILGWVVTL,2
GILGWVFTL,YIRGWVFTL,2
GILGWVVSL,GILGWVVTL,1
GILGWVVSL,GIMGWVFTL,3
GILGWVVSL,GIPGWVFSL,2
GILGWVVSL,GIPGWVFTL,3
GILGWVVSL,GIVGWVVTL,2
GILGWVVSL,HIEGWVVTL,3
GILGWVVSL,HILGWVFTL,3
GILGWVVSL,HIPGWVFSL,3
GILGWVVSL,LILGWVFTL,3
GILGWVVSL,LILGWVVTL,2
GILGWVVSL,MIEGWVVTL,3
GILGWVVSL,NILGFVFSL,3
GILGWVVSL,NILGWVFTL,3
GILGWVVSL,NILGWVVTL,2
GILGWVVSL,PILGWVFTL,3
GILGWVVSL,QILGWVVTL,2
GILGWVVSL,RILGWVFTL,3
GILGWVVSL,SIEGWVVTL,3
GILGWVVSL,SILGWVFTL,3
GILGWVVSL,SILGWVVTL,2
GILGWVVSL,TILGFVFSL,3
GILGWVVSL,TILGWVFTL,3
GILGWVVSL,TILGWVVTL,2
GILGWVVSL,VILGWVFTL,3
GILGWVVSL,VILGWVVTL,2
GILGWVVSL,WILGWVFTL,3
GILGWVVSL,WILGWVVTL,2
GILGWVVSL,YILGWVFTL,3
GILGWVVSL,YILGWVVTL,2
GILGWVVTL,GIMGFVFTL,3
GILGWVVTL,GIMGWVFTL,2
GILGWVVTL,GIPGWVFSL,3
GILGWVVTL,GIPGWVFTL,2
GILGWVVTL,GIVGWVVTL,1
GILGWVVTL,HIEGWVVTL,2
GILGWVVTL,HILGFVFTL,3
GILGWVVTL,HILGWVFTL,2
GILGWVVTL,HIRGWVFTL,3
GILGWVVTL,IILGFVFTL,3
GILGWVVTL,LILGFVFTL,3
GILGWVVTL,LILGFVWTL,3
GILGWVVTL,LILGWVFTL,2
GILGWVVTL,LILGWVVTL,1
GILGWVVTL,LIMGWVFTL,3
GILGWVVTL,MIEGWVVTL,2
GILGWVVTL,MILGFVWTL,3
GILGWVVTL,NILGWVFTL,2
GILGWVVTL,NILGWVVTL,1
GILGWVVTL,PILGFVFTL,3
GILGWVVTL,PILGWVFTL,2
GILGWVVTL,QILGFVFTL,3
GILGWVVTL,QILGFVWTL,3
GILGWVVTL,QILGWVVTL,1
GILGWVVTL,RILGWVFTL,2
GILGWVVTL,SIEGWVVTL,2
GILGWVVTL,SIIGWVFTL,3
GILGWVVTL,SILGWVFTL,2
GILGWVVTL,SILGWVVTL,1
GILGWVVTL,TILGFVFTL,3
GILGWVVTL,TILGFVWTL,3
GILGWVVTL,TILGWVFTL,2
GILGWVVTL,TILGWVVTL,1
GILGWVVTL,TIMGWVFTL,3
GILGWVVTL,VILGFVFTL,3
GILGWVVTL,VILGFVWTL,3
GILGWVVTL,VILGWVFTL,2
GILGWVVTL,VILGWVVTL,1
GILGWVVTL,VIMGWVFTL,3
GILGWVVTL,WILGFVWTL,3
GILGWVVTL,WILGWVFTL,2
GILGWVVTL,WILGWVVTL,1
GILGWVVTL,YILGFVFTL,3
GILGWVVTL,YILGFVWTL,3
GILGWVVTL,YILGWVFTL,2
GILGWVVTL,YILGWVVTL,1
GILGWVVTL,YIRGWVFTL,3
GIMGFVFTL,GIMGWVFTL,1
GIMGFVFTL,GIPGWVFSL,3
GIMGFVFTL,GIPGWVFTL,2
GIMGFVFTL,GIVGWVVTL,3
GIMGFVFTL,HIKGFVFSL,3
GIMGFVFTL,HILGFVFAL,3
GIMGFVFTL,HILGFVFTL,2
GIMGFVFTL,HILGWVFTL,3
GIMGFVFTL,HIRGWVFTL,3
GIMGFVFTL,HIVGFVFTL,2
GIMGFVFTL,IILGFVFTL,2
GIMGFVFTL,LIIGFVFTL,2
GIMGFVFTL,LILGFVFTL,2
GIMGFVFTL,LILGFVWTL,3
GIMGFVFTL,LILGWVFTL,3
GIMGFVFTL,LIMGWVFTL,2
GIMGFVFTL,LIRGFVFTL,2
GIMGFVFTL,LIVGFVFTL,2
GIMGFVFTL,MILGFVWTL,3
GIMGFVFTL,NIKGFVFTL,2
GIMGFVFTL,NILGFVFSL,3
GIMGFVFTL,NILGWVFTL,3
GIMGFVFTL,NIPGFVFTL,2
GIMGFVFTL,NIRGFVFTL,2
GIMGFVFTL,PILGFVFTL,2
GIMGFVFTL,PILGWVFTL,3
GIMGFVFTL,QIIGFVFTL,2
GIMGFVFTL,QILGFVFTL,2
GIMGFVFTL,QILGFVWTL,3
GIMGFVFTL,RIKGFVFSL,3
GIMGFVFTL,RIKGFVFTL,2
GIMGFVFTL,RILGWVFTL,3
GIMGFVFTL,SIIGWVFTL,3
GIMGFVFTL,SIKGFVFSL,3
GIMGFVFTL,SILGWVFTL,3
GIMGFVFTL,SIMGFVFTL,1
GIMGFVFTL,SIRGFVFTL,2
GIMGFVFTL,TIKGFVFTL,2
GIMGFVFTL,TILGFVFSL,3
GIMGFVFTL,TILGFVFTL,2
GIMGFVFTL,TILGFVWTL,3
GIMGFVFTL,TILGWVFTL,3
GIMGFVFTL,TIMGWVFTL,2
GIMGFVFTL,VIIGFVFTL,2
GIMGFVFTL,VILGFVFTL,2
GIMGFVFTL,VILGFVWTL,3
GIMGFVFTL,VILGWVFTL,3
GIMGFVFTL,VIMGWVFTL,2
GIMGFVFTL,VIVGFVFTL,2
GIMGFVFTL,WILGFVWTL,3
GIMGFVFTL,WILGWVFTL,3
GIMGFVFTL,YIKGFVFSL,3
GIMGFVFTL,YILGFVFTL,2
GIMGFVFTL,YILGFVWTL,3
GIMGFVFTL,YILGWVFTL,3
GIMGFVFTL,YIRGWVFTL,3
GIMGWVFTL,GIPGWVFSL,2
GIMGWVFTL,GIPGWVFTL,1
GIMGWVFTL,GIVGWVVTL,2
GIMGWVFTL,HIEGWVVTL,3
GIMGWVFTL,HILGFVFTL,3
GIMGWVFTL,HILGWVFTL,2
GIMGWVFTL,HIPGWVFSL,3
GIMGWVFTL,HIRGWVFTL,2
GIMGWVFTL,HIVGFVFTL,3
GIMGWVFTL,IILGFVFTL,3
GIMGWVFTL,LIIGFVFTL,3
GIMGWVFTL,LILGFVFTL,3
GIMGWVFTL,LILGWVFTL,2
GIMGWVFTL,LILGWVVTL,3
GIMGWVFTL,LIMGWVFTL,1
GIMGWVFTL,LIRGFVFTL,3
GIMGWVFTL,LIVGFVFTL,3
GIMGWVFTL,MIEGWVVTL,3
GIMGWVFTL,NIKGFVFTL,3
GIMGWVFTL,NILGWVFTL,2
GIMGWVFTL,NILGWVVTL,3
GIMGWVFTL,NIPGFVFTL,3
GIMGWVFTL,NIRGFVFTL,3
GIMGWVFTL,PILGFVFTL,3
GIMGWVFTL,PILGWVFTL,2
GIMGWVFTL,QIIGFVFTL,3
GIMGWVFTL,QILGFVFTL,3
GIMGWVFTL,QILGWVVTL,3
GIMGWVFTL,RIKGFVFTL,3
GIMGWVFTL,RILGWVFTL,2
GIMGWVFTL,SIEGWVVTL,3
GIMGWVFTL,SIIGWVFTL,2
GIMGWVFTL,SILGWVFTL,2
GIMGWVFTL,SILGWVVTL,3
GIMGWVFTL,SIMGFVFTL,2
GIMGWVFTL,SIRGFVFTL,3
GIMGWVFTL,TIKGFVFTL,3
GIMGWVFTL,TILGFVFTL,3
GIMGWVFTL,TILGWVFTL,2
GIMGWVFTL,TILGWVVTL,3
GIMGWVFTL,TIMGWVFTL,1
GIMGWVFTL,VIIGFVFTL,3
GIMGWVFTL,VILGFVFTL,3
GIMGWVFTL,VILGWVFTL,2
GIMGWVFTL,VILGWVVTL,3
GIMGWVFTL,VIMGWVFTL,1
GIMGWVFTL,VIVGFVFTL,3
GIMGWVFTL,WILGWVFTL,2
GIMGWVFTL,WILGWVVTL,3
GIMGWVFTL,YILGFVFTL,3
GIMGWVFTL,YILGWVFTL,2
GIMGWVFTL,YILGWVVTL,3
GIMGWVFTL,YIRGWVFTL,2
GIPGWVFSL,GIPGWVFTL,1
GIPGWVFSL,GIVGWVVTL,3
GIPGWVFSL,HIKGFVFSL,3
GIPGWVFSL,HILGWVFTL,3
GIPGWVFSL,HIPGWVFSL,1
GIPGWVFSL,HIRGWVFTL,3
GIPGWVFSL,LILGWVFTL,3
GIPGWVFSL,LIMGWVFTL,3
GIPGWVFSL,NILGFVFSL,3
GIPGWVFSL,NILGWVFTL,3
GIPGWVFSL,NIPGFVFTL,3
GIPGWVFSL,PILGWVFTL,3
GIPGWVFSL,RIKGFVFSL,3
GIPGWVFSL,RILGWVFTL,3
GIPGWVFSL,SIIGWVFTL,3
GIPGWVFSL,SIKGFVFSL,3
GIPGWVFSL,SILGWVFTL,3
GIPGWVFSL,TILGFVFSL,3
GIPGWVFSL,TILGWVFTL,3
GIPGWVFSL,TIMGWVFTL,3
GIPGWVFSL,VILGWVFTL,3
GIPGWVFSL,VIMGWVFTL,3
GIPGWVFSL,WILGWVFTL,3
GIPGWVFSL,YIKGFVFSL,3
GIPGWVFSL,YILGWVFTL,3
GIPGWVFSL,YIRGWVFTL,3
GIPGWVFTL,GIVGWVVTL,2
GIPGWVFTL,HIEGWVVTL,3
GIPGWVFTL,HILGFVFTL,3
GIPGWVFTL,HILGWVFTL,2
GIPGWVFTL,HIPGWVFSL,2
GIPGWVFTL,HIRGWVFTL,2
GIPGWVFTL,HIVGFVFTL,3
GIPGWVFTL,IILGFVFTL,3
GIPGWVFTL,LIIGFVFTL,3
GIPGWVFTL,LILGFVFTL,3
GIPGWVFTL,LILGWVFTL,2
GIPGWVFTL,LILGWVVTL,3
GIPGWVFTL,LIMGWVFTL,2
GIPGWVFTL,LIRGFVFTL,3
GIPGWVFTL,LIVGFVFTL,3
GIPGWVFTL,MIEGWVVTL,3
GIPGWVFTL,NIKGFVFTL,3
GIPGWVFTL,NILGWVFTL,2
GIPGWVFTL,NILGWVVTL,3
GIPGWVFTL,NIPGFVFTL,2
GIPGWVFTL,NIRGFVFTL,3
GIPGWVFTL,PILGFVFTL,3
GIPGWVFTL,PILGWVFTL,2
GIPGWVFTL,QIIGFVFTL,3
GIPGWVFTL,QILGFVFTL,3
GIPGWVFTL,QILGWVVTL,3
GIPGWVFTL,RIKGFVFTL,3
GIPGWVFTL,RILGWVFTL,2
GIPGWVFTL,SIEGWVVTL,3
GIPGWVFTL,SIIGWVFTL,2
GIPGWVFTL,SILGWVFTL,2
GIPGWVFTL,SILGWVVTL,3
GIPGWVFTL,SIMGFVFTL,3
GIPGWVFTL,SIRGFVFTL,3
GIPGWVFTL,TIKGFVFTL,3
GIPGWVFTL,TILGFVFTL,3
GIPGWVFTL,TILGWVFTL,2
GIPGWVFTL,TILGWVVTL,3
GIPGWVFTL,TIMGWVFTL,2
GIPGWVFTL,VIIGFVFTL,3
GIPGWVFTL,VILGFVFTL,3
GIPGWVFTL,VILGWVFTL,2
GIPGWVFTL,VILGWVVTL,3
GIPGWVFTL,VIMGWVFTL,2
GIPGWVFTL,VIVGFVFTL,3
GIPGWVFTL,WILGWVFTL,2
GIPGWVFTL,WILGWVVTL,3
GIPGWVFTL,YILGFVFTL,3
GIPGWVFTL,YILGWVFTL,2
GIPGWVFTL,YILGWVVTL,3
GIPGWVFTL,YIRGWVFTL,2
GIVGWVVTL,HIEGWVVTL,2
GIVGWVVTL,HILGWVFTL,3
GIVGWVVTL,HIRGWVFTL,3
GIVGWVVTL,HIVGFVFTL,3
GIVGWVVTL,LILGWVFTL,3
GIVGWVVTL,LILGWVVTL,2
GIVGWVVTL,LIMGWVFTL,3
GIVGWVVTL,LIVGFVFTL,3
GIVGWVVTL,MIEGWVVTL,2
GIVGWVVTL,NILGWVFTL,3
GIVGWVVTL,NILGWVVTL,2
GIVGWVVTL,PILGWVFTL,3
GIVGWVVTL,QILGWVVTL,2
GIVGWVVTL,RILGWVFTL,3
GIVGWVVTL,SIEGWVVTL,2
GIVGWVVTL,SIIGWVFTL,3
GIVGWVVTL,SILGWVFTL,3
GIVGWVVTL,SILGWVVTL,2
GIVGWVVTL,TILGWVFTL,3
GIVGWVVTL,TILGWVVTL,2
GIVGWVVTL,TIMGWVFTL,3
GIVGWVVTL,VILGWVFTL,3
GIVGWVVTL,VILGWVVTL,2
GIVGWVVTL,VIMGWVFTL,3
GIVGWVVTL,VIVGFVFTL,3
GIVGWVVTL,WILGWVFTL,3
GIVGWVVTL,WILGWVVTL,2
GIVGWVVTL,YILGWVFTL,3
GIVGWVVTL,YILGWVVTL,2
GIVGWVVTL,YIRGWVFTL,3
GIWAIHWTL,GIWGIAWTL,2
GIWAIHWTL,GIWGISWTL,2
GIWAIHWTL,GIWGLYWTL,3
GIWAIHWTL,GIWGVFWTL,3
GIWAIHWTL,GIWPLHWTL,2
GIWAIHWTL,GIWQIFWTL,2
GIWAIHWTL,RIWGIFWTL,3
GIWAIHWTL,TIWGTHWTL,3
GIWGIAWTL,GIWGISWTL,1
GIWGIAWTL,GIWGLFWSL,3
GIWGIAWTL,GIWGLYWTL,2
GIWGIAWTL,GIWGVFWTL,2
GIWGIAWTL,GIWPLHWTL,3
GIWGIAWTL,GIWQIFWTL,2
GIWGIAWTL,KIWGLYWTL,3
GIWGIAWTL,LIWGLFWTL,3
GIWGIAWTL,LIWGVYWTL,3
GIWGIAWTL,RIWGIFWTL,2
GIWGIAWTL,RIWGVFWTL,3
GIWGIAWTL,TIWGTHWTL,3
GIWGISWTL,GIWGLFWSL,3
GIWGISWTL,GIWGLYWTL,2
GIWGISWTL,GIWGVFWTL,2
GIWGISWTL,GIWPLHWTL,3
GIWGISWTL,GIWQIFWTL,2
GIWGISWTL,KIWGLYWTL,3
GIWGISWTL,LIWGLFWTL,3
GIWGISWTL,LIWGVYWTL,3
GIWGISWTL,MIWGVSWLL,3
GIWGISWTL,RIWGIFWTL,2
GIWGISWTL,RIWGVFWTL,3
GIWGISWTL,TIWGTHWTL,3
GIWGLFWSL,GIWGLYWTL,2
GIWGLFWSL,GIWGVFWTL,2
GIWGLFWSL,GIWPLHWTL,3
GIWGLFWSL,GIWQIFWTL,3
GIWGLFWSL,KIWGLYWTL,3
GIWGLFWSL,LIWGLFWTL,2
GIWGLFWSL,RIWGIFWTL,3
GIWGLFWSL,RIWGVFWTL,3
GIWGLFWSL,RIYGLFWTL,3
GIWGLYWTL,GIWGVFWTL,2
GIWGLYWTL,GIWPLHWTL,2
GIWGLYWTL,GIWQIFWTL,3
GIWGLYWTL,KIWGLYWTL,1
GIWGLYWTL,LIWGLFWTL,2
GIWGLYWTL,LIWGVYWTL,2
GIWGLYWTL,RIWGIFWTL,3
GIWGLYWTL,RIWGVFWTL,3
GIWGLYWTL,RIYGLFWTL,3
GIWGLYWTL,TIWGTHWTL,3
GIWGVFWTL,GIWPLHWTL,3
GIWGVFWTL,GIWQIFWTL,2
GIWGVFWTL,KIWGLYWTL,3
GIWGVFWTL,LIWGLFWTL,2
GIWGVFWTL,LIWGVYWTL,2
GIWGVFWTL,MIWGVSWLL,3
GIWGVFWTL,RIWGIFWTL,2
GIWGVFWTL,RIWGVFWTL,1
GIWGVFWTL,RIYGLFWTL,3
GIWGVFWTL,TIWGTHWTL,3
GIWPLHWTL,GIWQIFWTL,3
GIWPLHWTL,KIWGLYWTL,3
GIWPLHWTL,LIWGLFWTL,3
GIWPLHWTL,TIWGTHWTL,3
GIWQIFWTL,LIWGLFWTL,3
GIWQIFWTL,RIWGIFWTL,2
GIWQIFWTL,RIWGVFWTL,3
HIEGWVVTL,HILGFVFTL,3
HIEGWVVTL,HILGWVFTL,2
HIEGWVVTL,HIPGWVFSL,3
HIEGWVVTL,HIRGWVFTL,2
HIEGWVVTL,HIVGFVFTL,3
HIEGWVVTL,LILGWVFTL,3
HIEGWVVTL,LILGWVVTL,2
HIEGWVVTL,LIMGWVFTL,3
HIEGWVVTL,MIEGWVVTL,1
HIEGWVVTL,NILGWVFTL,3
HIEGWVVTL,NILGWVVTL,2
HIEGWVVTL,PILGWVFTL,3
HIEGWVVTL,QILGWVVTL,2
HIEGWVVTL,RILGWVFTL,3
HIEGWVVTL,SIEGWVVTL,1
HIEGWVVTL,SIIGWVFTL,3
HIEGWVVTL,SILGWVFTL,3
HIEGWVVTL,SILGWVVTL,2
HIEGWVVTL,TILGWVFTL,3
HIEGWVVTL,TILGWVVTL,2
HIEGWVVTL,TIMGWVFTL,3
HIEGWVVTL,VILGWVFTL,3
HIEGWVVTL,VILGWVVTL,2
HIEGWVVTL,VIMGWVFTL,3
HIEGWVVTL,WILGWVFTL,3
HIEGWVVTL,WILGWVVTL,2
HIEGWVVTL,YILGWVFTL,3
HIEGWVVTL,YILGWVVTL,2
HIEGWVVTL,YIRGWVFTL,3
HIKGFVFSL,HILGFVFAL,2
HIKGFVFSL,HILGFVFTL,2
HIKGFVFSL,HILGWVFTL,3
HIKGFVFSL,HIPGWVFSL,2
HIKGFVFSL,HIRGWVFTL,3
HIKGFVFSL,HIVGFVFTL,2
HIKGFVFSL,IILGFVFTL,3
HIKGFVFSL,LIIGFVFTL,3
HIKGFVFSL,LILGFVFTL,3
HIKGFVFSL,LIRGFVFTL,3
HIKGFVFSL,LIVGFVFTL,3
HIKGFVFSL,NIKGFVFTL,2
HIKGFVFSL,NILGFVFSL,2
HIKGFVFSL,NIPGFVFTL,3
HIKGFVFSL,NIRGFVFTL,3
HIKGFVFSL,PILGFVFTL,3
HIKGFVFSL,QIIGFVFTL,3
HIKGFVFSL,QILGFVFTL,3
HIKGFVFSL,RIKGFVFSL,1
HIKGFVFSL,RIKGFVFTL,2
HIKGFVFSL,SIKGFVFSL,1
HIKGFVFSL,SIMGFVFTL,3
HIKGFVFSL,SIRGFVFTL,3
HIKGFVFSL,TIKGFVFTL,2
HIKGFVFSL,TILGFVFSL,2
HIKGFVFSL,TILGFVFTL,3
HIKGFVFSL,VIIGFVFTL,3
HIKGFVFSL,VILGFVFTL,3
HIKGFVFSL,VIVGFVFTL,3
HIKGFVFSL,YIKGFVFSL,1
HIKGFVFSL,YILGFVFTL,3
HILGFVFAL,HILGFVFTL,1
HILGFVFAL,HILGWVFTL,2
HILGFVFAL,HIPGWVFSL,3
HILGFVFAL,HIRGWVFTL,3
HILGFVFAL,HIVGFVFTL,2
HILGFVFAL,IILGFVFTL,2
HILGFVFAL,LIIGFVFTL,3
HILGFVFAL,LILGFVFTL,2
HILGFVFAL,LILGFVWTL,3
HILGFVFAL,LILGWVFTL,3
HILGFVFAL,LIRGFVFTL,3
HILGFVFAL,LIVGFVFTL,3
HILGFVFAL,MILGFVWTL,3
HILGFVFAL,NIKGFVFTL,3
HILGFVFAL,NILGFVFSL,2
HILGFVFAL,NILGWVFTL,3
HILGFVFAL,NIPGFVFTL,3
HILGFVFAL,NIRGFVFTL,3
HILGFVFAL,PILGFVFTL,2
HILGFVFAL,PILGWVFTL,3
HILGFVFAL,QIIGFVFTL,3
HILGFVFAL,QILGFVFTL,2
HILGFVFAL,QILGFVWTL,3
HILGFVFAL,RIKGFVFSL,3
HILGFVFAL,RIKGFVFTL,3
HILGFVFAL,RILGWVFTL,3
HILGFVFAL,SIKGFVFSL,3
HILGFVFAL,SILGWVFTL,3
HILGFVFAL,SIMGFVFTL,3
HILGFVFAL,SIRGFVFTL,3
HILGFVFAL,TIKGFVFTL,3
HILGFVFAL,TILGFVFSL,2
HILGFVFAL,TILGFVFTL,2
HILGFVFAL,TILGFVWTL,3
HILGFVFAL,TILGWVFTL,3
HILGFVFAL,VIIGFVFTL,3
HILGFVFAL,VILGFVFTL,2
HILGFVFAL,VILGFVWTL,3
HILGFVFAL,VILGWVFTL,3
HILGFVFAL,VIVGFVFTL,3
HILGFVFAL,WILGFVWTL,3
HILGFVFAL,WILGWVFTL,3
HILGFVFAL,YIKGFVFSL,3
HILGFVFAL,YILGFVFTL,2
HILGFVFAL,YILGFVWTL,3
HILGFVFAL,YILGWVFTL,3
HILGFVFTL,HILGWVFTL,1
HILGFVFTL,HIPGWVFSL,3
HILGFVFTL,HIRGWVFTL,2
HILGFVFTL,HIVGFVFTL,1
HILGFVFTL,IILGFVFTL,1
HILGFVFTL,LIIGFVFTL,2
HILGFVFTL,LILGFVFTL,1
HILGFVFTL,LILGFVWTL,2
HILGFVFTL,LILGWVFTL,2
HILGFVFTL,LILGWVVTL,3
HILGFVFTL,LIMGWVFTL,3
HILGFVFTL,LIRGFVFTL,2
HILGFVFTL,LIVGFVFTL,2
HILGFVFTL,MILGFVWTL,2
HILGFVFTL,NIKGFVFTL,2
HILGFVFTL,NILGFVFSL,2
HILGFVFTL,NILGWVFTL,2
HILGFVFTL,NILGWVVTL,3
HILGFVFTL,NIPGFVFTL,2
HILGFVFTL,NIRGFVFTL,2
HILGFVFTL,PILGFVFTL,1
HILGFVFTL,PILGWVFTL,2
HILGFVFTL,QIIGFVFTL,2
HILGFVFTL,QILGFVFTL,1
HILGFVFTL,QILGFVWTL,2
HILGFVFTL,QILGWVVTL,3
HILGFVFTL,RIKGFVFSL,3
HILGFVFTL,RIKGFVFTL,2
HILGFVFTL,RILGWVFTL,2
HILGFVFTL,SIIGWVFTL,3
HILGFVFTL,SIKGFVFSL,3
HILGFVFTL,SILGWVFTL,2
HILGFVFTL,SILGWVVTL,3
HILGFVFTL,SIMGFVFTL,2
HILGFVFTL,SIRGFVFTL,2
HILGFVFTL,TIKGFVFTL,2
HILGFVFTL,TILGFVFSL,2
HILGFVFTL,TILGFVFTL,1
HILGFVFTL,TILGFVWTL,2
HILGFVFTL,TILGWVFTL,2
HILGFVFTL,TILGWVVTL,3
HILGFVFTL,TIMGWVFTL,3
HILGFVFTL,VIIGFVFTL,2
HILGFVFTL,VILGFVFTL,1
HILGFVFTL,VILGFVWTL,2
HILGFVFTL,VILGWVFTL,2
HILGFVFTL,VILGWVVTL,3
HILGFVFTL,VIMGWVFTL,3
HILGFVFTL,VIVGFVFTL,2
HILGFVFTL,WILGFVWTL,2
HILGFVFTL,WILGWVFTL,2
HILGFVFTL,WILGWVVTL,3
HILGFVFTL,YIKGFVFSL,3
HILGFVFTL,YILGFVFTL,1
HILGFVFTL,YILGFVWTL,2
HILGFVFTL,YILGWVFTL,2
HILGFVFTL,YILGWVVTL,3
HILGFVFTL,YIRGWVFTL,3
HILGWVFTL,HIPGWVFSL,2
HILGWVFTL,HIRGWVFTL,1
HILGWVFTL,HIVGFVFTL,2
HILGWVFTL,IILGFVFTL,2
HILGWVFTL,LIIGFVFTL,3
HILGWVFTL,LILGFVFTL,2
HILGWVFTL,LILGFVWTL,3
HILGWVFTL,LILGWVFTL,1
HILGWVFTL,LILGWVVTL,2
HILGWVFTL,LIMGWVFTL,2
HILGWVFTL,LIRGFVFTL,3
HILGWVFTL,LIVGFVFTL,3
HILGWVFTL,MIEGWVVTL,3
HILGWVFTL,MILGFVWTL,3
HILGWVFTL,NIKGFVFTL,3
HILGWVFTL,NILGFVFSL,3
HILGWVFTL,NILGWVFTL,1
HILGWVFTL,NILGWVVTL,2
HILGWVFTL,NIPGFVFTL,3
HILGWVFTL,NIRGFVFTL,3
HILGWVFTL,PILGFVFTL,2
HILGWVFTL,PILGWVFTL,1
HILGWVFTL,QIIGFVFTL,3
HILGWVFTL,QILGFVFTL,2
HILGWVFTL,QILGFVWTL,3
HILGWVFTL,QILGWVVTL,2
HILGWVFTL,RIKGFVFTL,3
HILGWVFTL,RILGWVFTL,1
HILGWVFTL,SIEGWVVTL,3
HILGWVFTL,SIIGWVFTL,2
HILGWVFTL,SILGWVFTL,1
HILGWVFTL,SILGWVVTL,2
HILGWVFTL,SIMGFVFTL,3
HILGWVFTL,SIRGFVFTL,3
HILGWVFTL,TIKGFVFTL,3
HILGWVFTL,TILGFVFSL,3
HILGWVFTL,TILGFVFTL,2
HILGWVFTL,TILGFVWTL,3
HILGWVFTL,TILGWVFTL,1
HILGWVFTL,TILGWVVTL,2
HILGWVFTL,TIMGWVFTL,2
HILGWVFTL,VIIGFVFTL,3
HILGWVFTL,VILGFVFTL,2
HILGWVFTL,VILGFVWTL,3
HILGWVFTL,VILGWVFTL,1
HILGWVFTL,VILGWVVTL,2
HILGWVFTL,VIMGWVFTL,2
HILGWVFTL,VIVGFVFTL,3
HILGWVFTL,WILGFVWTL,3
HILGWVFTL,WILGWVFTL,1
HILGWVFTL,WILGWVVTL,2
HILGWVFTL,YILGFVFTL,2
HILGWVFTL,YILGFVWTL,3
HILGWVFTL,YILGWVFTL,1
HILGWVFTL,YILGWVVTL,2
HILGWVFTL,YIRGWVFTL,2
HIPGWVFSL,HIRGWVFTL,2
HIPGWVFSL,HIVGFVFTL,3
HIPGWVFSL,LILGWVFTL,3
HIPGWVFSL,LIMGWVFTL,3
HIPGWVFSL,NILGFVFSL,3
HIPGWVFSL,NILGWVFTL,3
HIPGWVFSL,NIPGFVFTL,3
HIPGWVFSL,PILGWVFTL,3
HIPGWVFSL,RIKGFVFSL,3
HIPGWVFSL,RILGWVFTL,3
HIPGWVFSL,SIIGWVFTL,3
HIPGWVFSL,SIKGFVFSL,3
HIPGWVFSL,SILGWVFTL,3
HIPGWVFSL,TILGFVFSL,3
HIPGWVFSL,TILGWVFTL,3
HIPGWVFSL,TIMGWVFTL,3
HIPGWVFSL,VILGWVFTL,3
HIPGWVFSL,VIMGWVFTL,3
HIPGWVFSL,WILGWVFTL,3
HIPGWVFSL,YIKGFVFSL,3
HIPGWVFSL,YILGWVFTL,3
HIPGWVFSL,YIRGWVFTL,3
HIRGWVFTL,HIVGFVFTL,2
HIRGWVFTL,IILGFVFTL,3
HIRGWVFTL,LIIGFVFTL,3
HIRGWVFTL,LILGFVFTL,3
HIRGWVFTL,LILGWVFTL,2
HIRGWVFTL,LILGWVVTL,3
HIRGWVFTL,LIMGWVFTL,2
HIRGWVFTL,LIRGFVFTL,2
HIRGWVFTL,LIVGFVFTL,3
HIRGWVFTL,MIEGWVVTL,3
HIRGWVFTL,NIKGFVFTL,3
HIRGWVFTL,NILGWVFTL,2
HIRGWVFTL,NILGWVVTL,3
HIRGWVFTL,NIPGFVFTL,3
HIRGWVFTL,NIRGFVFTL,2
HIRGWVFTL,PILGFVFTL,3
HIRGWVFTL,PILGWVFTL,2
HIRGWVFTL,QIIGFVFTL,3
HIRGWVFTL,QILGFVFTL,3
HIRGWVFTL,QILGWVVTL,3
HIRGWVFTL,RIKGFVFTL,3
HIRGWVFTL,RILGWVFTL,2
HIRGWVFTL,SIEGWVVTL,3
HIRGWVFTL,SIIGWVFTL,2
HIRGWVFTL,SILGWVFTL,2
HIRGWVFTL,SILGWVVTL,3
HIRGWVFTL,SIMGFVFTL,3
HIRGWVFTL,SIRGFVFTL,2
HIRGWVFTL,TIKGFVFTL,3
HIRGWVFTL,TILGFVFTL,3
HIRGWVFTL,TILGWVFTL,2
HIRGWVFTL,TILGWVVTL,3
HIRGWVFTL,TIMGWVFTL,2
HIRGWVFTL,VIIGFVFTL,3
HIRGWVFTL,VILGFVFTL,3
HIRGWVFTL,VILGWVFTL,2
HIRGWVFTL,VILGWVVTL,3
HIRGWVFTL,VIMGWVFTL,2
HIRGWVFTL,VIVGFVFTL,3
HIRGWVFTL,WILGWVFTL,2
HIRGWVFTL,WILGWVVTL,3
HIRGWVFTL,YILGFVFTL,3
HIRGWVFTL,YILGWVFTL,2
HIRGWVFTL,YILGWVVTL,3
HIRGWVFTL,YIRGWVFTL,1
HIVGFVFTL,IILGFVFTL,2
HIVGFVFTL,LIIGFVFTL,2
HIVGFVFTL,LILGFVFTL,2
HIVGFVFTL,LILGFVWTL,3
HIVGFVFTL,LILGWVFTL,3
HIVGFVFTL,LIMGWVFTL,3
HIVGFVFTL,LIRGFVFTL,2
HIVGFVFTL,LIVGFVFTL,1
HIVGFVFTL,MILGFVWTL,3
HIVGFVFTL,NIKGFVFTL,2
HIVGFVFTL,NILGFVFSL,3
HIVGFVFTL,NILGWVFTL,3
HIVGFVFTL,NIPGFVFTL,2
HIVGFVFTL,NIRGFVFTL,2
HIVGFVFTL,PILGFVFTL,2
HIVGFVFTL,PILGWVFTL,3
HIVGFVFTL,QIIGFVFTL,2
HIVGFVFTL,QILGFVFTL,2
HIVGFVFTL,QILGFVWTL,3
HIVGFVFTL,RIKGFVFSL,3
HIVGFVFTL,RIKGFVFTL,2
HIVGFVFTL,RILGWVFTL,3
HIVGFVFTL,SIIGWVFTL,3
HIVGFVFTL,SIKGFVFSL,3
HIVGFVFTL,SILGWVFTL,3
HIVGFVFTL,SIMGFVFTL,2
HIVGFVFTL,SIRGFVFTL,2
HIVGFVFTL,TIKGFVFTL,2
HIVGFVFTL,TILGFVFSL,3
HIVGFVFTL,TILGFVFTL,2
HIVGFVFTL,TILGFVWTL,3
HIVGFVFTL,TILGWVFTL,3
HIVGFVFTL,TIMGWVFTL,3
HIVGFVFTL,VIIGFVFTL,2
HIVGFVFTL,VILGFVFTL,2
HIVGFVFTL,VILGFVWTL,3
HIVGFVFTL,VILGWVFTL,3
HIVGFVFTL,VIMGWVFTL,3
HIVGFVFTL,VIVGFVFTL,1
HIVGFVFTL,WILGFVWTL,3
HIVGFVFTL,WILGWVFTL,3
HIVGFVFTL,YIKGFVFSL,3
HIVGFVFTL,YILGFVFTL,2
HIVGFVFTL,YILGFVWTL,3
HIVGFVFTL,YILGWVFTL,3
HIVGFVFTL,YIRGWVFTL,3
IILGFVFTL,LIIGFVFTL,2
IILGFVFTL,LILGFVFTL,1
IILGFVFTL,LILGFVWTL,2
IILGFVFTL,LILGWVFTL,2
IILGFVFTL,LILGWVVTL,3
IILGFVFTL,LIMGWVFTL,3
IILGFVFTL,LIRGFVFTL,2
IILGFVFTL,LIVGFVFTL,2
IILGFVFTL,MILGFVWTL,2
IILGFVFTL,NIKGFVFTL,2
IILGFVFTL,NILGFVFSL,2
IILGFVFTL,NILGWVFTL,2
IILGFVFTL,NILGWVVTL,3
IILGFVFTL,NIPGFVFTL,2
IILGFVFTL,NIRGFVFTL,2
IILGFVFTL,PILGFVFTL,1
IILGFVFTL,PILGWVFTL,2
IILGFVFTL,QIIGFVFTL,2
IILGFVFTL,QILGFVFTL,1
IILGFVFTL,QILGFVWTL,2
IILGFVFTL,QILGWVVTL,3
IILGFVFTL,RIKGFVFSL,3
IILGFVFTL,RIKGFVFTL,2
IILGFVFTL,RILGWVFTL,2
IILGFVFTL,SIIGWVFTL,3
IILGFVFTL,SIKGFVFSL,3
IILGFVFTL,SILGWVFTL,2
IILGFVFTL,SILGWVVTL,3
IILGFVFTL,SIMGFVFTL,2
IILGFVFTL,SIRGFVFTL,2
IILGFVFTL,TIKGFVFTL,2
IILGFVFTL,TILGFVFSL,2
IILGFVFTL,TILGFVFTL,1
IILGFVFTL,TILGFVWTL,2
IILGFVFTL,TILGWVFTL,2
IILGFVFTL,TILGWVVTL,3
IILGFVFTL,TIMGWVFTL,3
IILGFVFTL,VIIGFVFTL,2
IILGFVFTL,VILGFVFTL,1
IILGFVFTL,VILGFVWTL,2
IILGFVFTL,VILGWVFTL,2
IILGFVFTL,VILGWVVTL,3
IILGFVFTL,VIMGWVFTL,3
IILGFVFTL,VIVGFVFTL,2
IILGFVFTL,WILGFVWTL,2
IILGFVFTL,WILGWVFTL,2
IILGFVFTL,WILGWVVTL,3
IILGFVFTL,YIKGFVFSL,3
IILGFVFTL,YILGFVFTL,1
IILGFVFTL,YILGFVWTL,2
IILGFVFTL,YILGWVFTL,2
IILGFVFTL,YILGWVVTL,3
IILGFVFTL,YIRGWVFTL,3
KIWGLYWTL,LIWGLFWTL,2
KIWGLYWTL,LIWGVYWTL,2
KIWGLYWTL,RIWGIFWTL,3
KIWGLYWTL,RIWGVFWTL,3
KIWGLYWTL,RIYGLFWTL,3
KIWGLYWTL,TIWGTHWTL,3
LIIGFVFTL,LILGFVFTL,1
LIIGFVFTL,LILGFVWTL,2
LIIGFVFTL,LILGWVFTL,2
LIIGFVFTL,LILGWVVTL,3
LIIGFVFTL,LIMGWVFTL,2
LIIGFVFTL,LIRGFVFTL,1
LIIGFVFTL,LIVGFVFTL,1
LIIGFVFTL,MILGFVWTL,3
LIIGFVFTL,NIKGFVFTL,2
LIIGFVFTL,NILGFVFSL,3
LIIGFVFTL,NILGWVFTL,3
LIIGFVFTL,NIPGFVFTL,2
LIIGFVFTL,NIRGFVFTL,2
LIIGFVFTL,PILGFVFTL,2
LIIGFVFTL,PILGWVFTL,3
LIIGFVFTL,QIIGFVFTL,1
LIIGFVFTL,QILGFVFTL,2
LIIGFVFTL,QILGFVWTL,3
LIIGFVFTL,RIKGFVFSL,3
LIIGFVFTL,RIKGFVFTL,2
LIIGFVFTL,RILGWVFTL,3
LIIGFVFTL,SIIGWVFTL,2
LIIGFVFTL,SIKGFVFSL,3
LIIGFVFTL,SILGWVFTL,3
LIIGFVFTL,SIMGFVFTL,2
LIIGFVFTL,SIRGFVFTL,2
LIIGFVFTL,TIKGFVFTL,2
LIIGFVFTL,TILGFVFSL,3
LIIGFVFTL,TILGFVFTL,2
LIIGFVFTL,TILGFVWTL,3
LIIGFVFTL,TILGWVFTL,3
LIIGFVFTL,TIMGWVFTL,3
LIIGFVFTL,VIIGFVFTL,1
LIIGFVFTL,VILGFVFTL,2
LIIGFVFTL,VILGFVWTL,3
LIIGFVFTL,VILGWVFTL,3
LIIGFVFTL,VIMGWVFTL,3
LIIGFVFTL,VIVGFVFTL,2
LIIGFVFTL,WILGFVWTL,3
LIIGFVFTL,WILGWVFTL,3
LIIGFVFTL,YIKGFVFSL,3
LIIGFVFTL,YILGFVFTL,2
LIIGFVFTL,YILGFVWTL,3
LIIGFVFTL,YILGWVFTL,3
LIIGFVFTL,YIRGWVFTL,3
LILGFVFTL,LILGFVWTL,1
LILGFVFTL,LILGWVFTL,1
LILGFVFTL,LILGWVVTL,2
LILGFVFTL,LIMGWVFTL,2
LILGFVFTL,LIRGFVFTL,1
LILGFVFTL,LIVGFVFTL,1
LILGFVFTL,MILGFVWTL,2
LILGFVFTL,NIKGFVFTL,2
LILGFVFTL,NILGFVFSL,2
LILGFVFTL,NILGWVFTL,2
LILGFVFTL,NILGWVVTL,3
LILGFVFTL,NIPGFVFTL,2
LILGFVFTL,NIRGFVFTL,2
LILGFVFTL,PILGFVFTL,1
LILGFVFTL,PILGWVFTL,2
LILGFVFTL,QIIGFVFTL,2
LILGFVFTL,QILGFVFTL,1
LILGFVFTL,QILGFVWTL,2
LILGFVFTL,QILGWVVTL,3
LILGFVFTL,RIKGFVFSL,3
LILGFVFTL,RIKGFVFTL,2
LILGFVFTL,RILGWVFTL,2
LILGFVFTL,SIIGWVFTL,3
LILGFVFTL,SIKGFVFSL,3
LILGFVFTL,SILGWVFTL,2
LILGFVFTL,SILGWVVTL,3
LILGFVFTL,SIMGFVFTL,2
LILGFVFTL,SIRGFVFTL,2
LILGFVFTL,TIKGFVFTL,2
LILGFVFTL,TILGFVFSL,2
LILGFVFTL,TILGFVFTL,1
LILGFVFTL,TILGFVWTL,2
LILGFVFTL,TILGWVFTL,2
LILGFVFTL,TILGWVVTL,3
LILGFVFTL,TIMGWVFTL,3
LILGFVFTL,VIIGFVFTL,2
LILGFVFTL,VILGFVFTL,1
LILGFVFTL,VILGFVWTL,2
LILGFVFTL,VILGWVFTL,2
LILGFVFTL,VILGWVVTL,3
LILGFVFTL,VIMGWVFTL,3
LILGFVFTL,VIVGFVFTL,2
LILGFVFTL,WILGFVWTL,2
LILGFVFTL,WILGWVFTL,2
LILGFVFTL,WILGWVVTL,3
LILGFVFTL,YIKGFVFSL,3
LILGFVFTL,YILGFVFTL,1
LILGFVFTL,YILGFVWTL,2
LILGFVFTL,YILGWVFTL,2
LILGFVFTL,YILGWVVTL,3
LILGFVFTL,YIRGWVFTL,3
LILGFVWTL,LILGWVFTL,2
LILGFVWTL,LILGWVVTL,2
LILGFVWTL,LIMGWVFTL,3
LILGFVWTL,LIRGFVFTL,2
LILGFVWTL,LIVGFVFTL,2
LILGFVWTL,LIWGLFWTL,3
LILGFVWTL,LIWGVYWTL,3
LILGFVWTL,MILGFVWTL,1
LILGFVWTL,NIKGFVFTL,3
LILGFVWTL,NILGFVFSL,3
LILGFVWTL,NILGWVFTL,3
LILGFVWTL,NILGWVVTL,3
LILGFVWTL,NIPGFVFTL,3
LILGFVWTL,NIRGFVFTL,3
LILGFVWTL,PILGFVFTL,2
LILGFVWTL,PILGWVFTL,3
LILGFVWTL,QIIGFVFTL,3
LILGFVWTL,QILGFVFTL,2
LILGFVWTL,QILGFVWTL,1
LILGFVWTL,QILGWVVTL,3
LILGFVWTL,RIKGFVFTL,3
LILGFVWTL,RILGWVFTL,3
LILGFVWTL,SILGWVFTL,3
LILGFVWTL,SILGWVVTL,3
LILGFVWTL,SIMGFVFTL,3
LILGFVWTL,SIRGFVFTL,3
LILGFVWTL,TIKGFVFTL,3
LILGFVWTL,TILGFVFSL,3
LILGFVWTL,TILGFVFTL,2
LILGFVWTL,TILGFVWTL,1
LILGFVWTL,TILGWVFTL,3
LILGFVWTL,TILGWVVTL,3
LILGFVWTL,VIIGFVFTL,3
LILGFVWTL,VILGFVFTL,2
LILGFVWTL,VILGFVWTL,1
LILGFVWTL,VILGWVFTL,3
LILGFVWTL,VILGWVVTL,3
LILGFVWTL,VIVGFVFTL,3
LILGFVWTL,WILGFVWTL,1
LILGFVWTL,WILGWVFTL,3
LILGFVWTL,WILGWVVTL,3
LILGFVWTL,YILGFVFTL,2
LILGFVWTL,YILGFVWTL,1
LILGFVWTL,YILGWVFTL,3
LILGFVWTL,YILGWVVTL,3
LILGWVFTL,LILGWVVTL,1
LILGWVFTL,LIMGWVFTL,1
LILGWVFTL,LIRGFVFTL,2
LILGWVFTL,LIVGFVFTL,2
LILGWVFTL,MIEGWVVTL,3
LILGWVFTL,MILGFVWTL,3
LILGWVFTL,NIKGFVFTL,3
LILGWVFTL,NILGFVFSL,3
LILGWVFTL,NILGWVFTL,1
LILGWVFTL,NILGWVVTL,2
LILGWVFTL,NIPGFVFTL,3
LILGWVFTL,NIRGFVFTL,3
LILGWVFTL,PILGFVFTL,2
LILGWVFTL,PILGWVFTL,1
LILGWVFTL,QIIGFVFTL,3
LILGWVFTL,QILGFVFTL,2
LILGWVFTL,QILGFVWTL,3
LILGWVFTL,QILGWVVTL,2
LILGWVFTL,RIKGFVFTL,3
LILGWVFTL,RILGWVFTL,1
LILGWVFTL,SIEGWVVTL,3
LILGWVFTL,SIIGWVFTL,2
LILGWVFTL,SILGWVFTL,1
LILGWVFTL,SILGWVVTL,2
LILGWVFTL,SIMGFVFTL,3
LILGWVFTL,SIRGFVFTL,3
LILGWVFTL,TIKGFVFTL,3
LILGWVFTL,TILGFVFSL,3
LILGWVFTL,TILGFVFTL,2
LILGWVFTL,TILGFVWTL,3
LILGWVFTL,TILGWVFTL,1
LILGWVFTL,TILGWVVTL,2
LILGWVFTL,TIMGWVFTL,2
LILGWVFTL,VIIGFVFTL,3
LILGWVFTL,VILGFVFTL,2
LILGWVFTL,VILGFVWTL,3
LILGWVFTL,VILGWVFTL,1
LILGWVFTL,VILGWVVTL,2
LILGWVFTL,VIMGWVFTL,2
LILGWVFTL,VIVGFVFTL,3
LILGWVFTL,WILGFVWTL,3
LILGWVFTL,WILGWVFTL,1
LILGWVFTL,WILGWVVTL,2
LILGWVFTL,YILGFVFTL,2
LILGWVFTL,YILGFVWTL,3
LILGWVFTL,YILGWVFTL,1
LILGWVFTL,YILGWVVTL,2
LILGWVFTL,YIRGWVFTL,2
LILGWVVTL,LIMGWVFTL,2
LILGWVVTL,LIRGFVFTL,3
LILGWVVTL,LIVGFVFTL,3
LILGWVVTL,MIEGWVVTL,2
LILGWVVTL,MILGFVWTL,3
LILGWVVTL,NILGWVFTL,2
LILGWVVTL,NILGWVVTL,1
LILGWVVTL,PILGFVFTL,3
LILGWVVTL,PILGWVFTL,2
LILGWVVTL,QILGFVFTL,3
LILGWVVTL,QILGFVWTL,3
LILGWVVTL,QILGWVVTL,1
LILGWVVTL,RILGWVFTL,2
LILGWVVTL,SIEGWVVTL,2
LILGWVVTL,SIIGWVFTL,3
LILGWVVTL,SILGWVFTL,2
LILGWVVTL,SILGWVVTL,1
LILGWVVTL,TILGFVFTL,3
LILGWVVTL,TILGFVWTL,3
LILGWVVTL,TILGWVFTL,2
LILGWVVTL,TILGWVVTL,1
LILGWVVTL,TIMGWVFTL,3
LILGWVVTL,VILGFVFTL,3
LILGWVVTL,VILGFVWTL,3
LILGWVVTL,VILGWVFTL,2
LILGWVVTL,VILGWVVTL,1
LILGWVVTL,VIMGWVFTL,3
LILGWVVTL,WILGFVWTL,3
LILGWVVTL,WILGWVFTL,2
LILGWVVTL,WILGWVVTL,1
LILGWVVTL,YILGFVFTL,3
LILGWVVTL,YILGFVWTL,3
LILGWVVTL,YILGWVFTL,2
LILGWVVTL,YILGWVVTL,1
LILGWVVTL,YIRGWVFTL,3
LIMGWVFTL,LIRGFVFTL,2
LIMGWVFTL,LIVGFVFTL,2
LIMGWVFTL,MIEGWVVTL,3
LIMGWVFTL,NIKGFVFTL,3
LIMGWVFTL,NILGWVFTL,2
LIMGWVFTL,NILGWVVTL,3
LIMGWVFTL,NIPGFVFTL,3
LIMGWVFTL,NIRGFVFTL,3
LIMGWVFTL,PILGFVFTL,3
LIMGWVFTL,PILGWVFTL,2
LIMGWVFTL,QIIGFVFTL,3
LIMGWVFTL,QILGFVFTL,3
LIMGWVFTL,QILGWVVTL,3
LIMGWVFTL,RIKGFVFTL,3
LIMGWVFTL,RILGWVFTL,2
LIMGWVFTL,SIEGWVVTL,3
LIMGWVFTL,SIIGWVFTL,2
LIMGWVFTL,SILGWVFTL,2
LIMGWVFTL,SILGWVVTL,3
LIMGWVFTL,SIMGFVFTL,2
LIMGWVFTL,SIRGFVFTL,3
LIMGWVFTL,TIKGFVFTL,3
LIMGWVFTL,TILGFVFTL,3
LIMGWVFTL,TILGWVFTL,2
LIMGWVFTL,TILGWVVTL,3
LIMGWVFTL,TIMGWVFTL,1
LIMGWVFTL,VIIGFVFTL,3
LIMGWVFTL,VILGFVFTL,3
LIMGWVFTL,VILGWVFTL,2
LIMGWVFTL,VILGWVVTL,3
LIMGWVFTL,VIMGWVFTL,1
LIMGWVFTL,VIVGFVFTL,3
LIMGWVFTL,WILGWVFTL,2
LIMGWVFTL,WILGWVVTL,3
LIMGWVFTL,YILGFVFTL,3
LIMGWVFTL,YILGWVFTL,2
LIMGWVFTL,YILGWVVTL,3
LIMGWVFTL,YIRGWVFTL,2
LIRGFVFTL,LIVGFVFTL,1
LIRGFVFTL,MILGFVWTL,3
LIRGFVFTL,NIKGFVFTL,2
LIRGFVFTL,NILGFVFSL,3
LIRGFVFTL,NILGWVFTL,3
LIRGFVFTL,NIPGFVFTL,2
LIRGFVFTL,NIRGFVFTL,1
LIRGFVFTL,PILGFVFTL,2
LIRGFVFTL,PILGWVFTL,3
LIRGFVFTL,QIIGFVFTL,2
LIRGFVFTL,QILGFVFTL,2
LIRGFVFTL,QILGFVWTL,3
LIRGFVFTL,RIKGFVFSL,3
LIRGFVFTL,RIKGFVFTL,2
LIRGFVFTL,RILGWVFTL,3
LIRGFVFTL,SIIGWVFTL,3
LIRGFVFTL,SIKGFVFSL,3
LIRGFVFTL,SILGWVFTL,3
LIRGFVFTL,SIMGFVFTL,2
LIRGFVFTL,SIRGFVFTL,1
LIRGFVFTL,TIKGFVFTL,2
LIRGFVFTL,TILGFVFSL,3
LIRGFVFTL,TILGFVFTL,2
LIRGFVFTL,TILGFVWTL,3
LIRGFVFTL,TILGWVFTL,3
LIRGFVFTL,TIMGWVFTL,3
LIRGFVFTL,VIIGFVFTL,2
LIRGFVFTL,VILGFVFTL,2
LIRGFVFTL,VILGFVWTL,3
LIRGFVFTL,VILGWVFTL,3
LIRGFVFTL,VIMGWVFTL,3
LIRGFVFTL,VIVGFVFTL,2
LIRGFVFTL,WILGFVWTL,3
LIRGFVFTL,WILGWVFTL,3
LIRGFVFTL,YIKGFVFSL,3
LIRGFVFTL,YILGFVFTL,2
LIRGFVFTL,YILGFVWTL,3
LIRGFVFTL,YILGWVFTL,3
LIRGFVFTL,YIRGWVFTL,2
LIVGFVFTL,MILGFVWTL,3
LIVGFVFTL,NIKGFVFTL,2
LIVGFVFTL,NILGFVFSL,3
LIVGFVFTL,NILGWVFTL,3
LIVGFVFTL,NIPGFVFTL,2
LIVGFVFTL,NIRGFVFTL,2
LIVGFVFTL,PILGFVFTL,2
LIVGFVFTL,PILGWVFTL,3
LIVGFVFTL,QIIGFVFTL,2
LIVGFVFTL,QILGFVFTL,2
LIVGFVFTL,QILGFVWTL,3
LIVGFVFTL,RIKGFVFSL,3
LIVGFVFTL,RIKGFVFTL,2
LIVGFVFTL,RILGWVFTL,3
LIVGFVFTL,SIIGWVFTL,3
LIVGFVFTL,SIKGFVFSL,3
LIVGFVFTL,SILGWVFTL,3
LIVGFVFTL,SIMGFVFTL,2
LIVGFVFTL,SIRGFVFTL,2
LIVGFVFTL,TIKGFVFTL,2
LIVGFVFTL,TILGFVFSL,3
LIVGFVFTL,TILGFVFTL,2
LIVGFVFTL,TILGFVWTL,3
LIVGFVFTL,TILGWVFTL,3
LIVGFVFTL,TIMGWVFTL,3
LIVGFVFTL,VIIGFVFTL,2
LIVGFVFTL,VILGFVFTL,2
LIVGFVFTL,VILGFVWTL,3
LIVGFVFTL,VILGWVFTL,3
LIVGFVFTL,VIMGWVFTL,3
LIVGFVFTL,VIVGFVFTL,1
LIVGFVFTL,WILGFVWTL,3
LIVGFVFTL,WILGWVFTL,3
LIVGFVFTL,YIKGFVFSL,3
LIVGFVFTL,YILGFVFTL,2
LIVGFVFTL,YILGFVWTL,3
LIVGFVFTL,YILGWVFTL,3
LIVGFVFTL,YIRGWVFTL,3
LIWGLFWTL,LIWGVYWTL,2
LIWGLFWTL,RIWGIFWTL,2
LIWGLFWTL,RIWGVFWTL,2
LIWGLFWTL,RIYGLFWTL,2
LIWGLFWTL,TIWGTHWTL,3
LIWGVYWTL,MIWGVSWLL,3
LIWGVYWTL,RIWGIFWTL,3
LIWGVYWTL,RIWGVFWTL,2
LIWGVYWTL,TIWGTHWTL,3
MIEGWVVTL,MILGFVWTL,3
MIEGWVVTL,NILGWVFTL,3
MIEGWVVTL,NILGWVVTL,2
MIEGWVVTL,PILGWVFTL,3
MIEGWVVTL,QILGWVVTL,2
MIEGWVVTL,RILGWVFTL,3
MIEGWVVTL,SIEGWVVTL,1
MIEGWVVTL,SIIGWVFTL,3
MIEGWVVTL,SILGWVFTL,3
MIEGWVVTL,SILGWVVTL,2
MIEGWVVTL,TILGWVFTL,3
MIEGWVVTL,TILGWVVTL,2
MIEGWVVTL,TIMGWVFTL,3
MIEGWVVTL,VILGWVFTL,3
MIEGWVVTL,VILGWVVTL,2
MIEGWVVTL,VIMGWVFTL,3
MIEGWVVTL,WILGWVFTL,3
MIEGWVVTL,WILGWVVTL,2
MIEGWVVTL,YILGWVFTL,3
MIEGWVVTL,YILGWVVTL,2
MIEGWVVTL,YIRGWVFTL,3
MILGFVWTL,NIKGFVFTL,3
MILGFVWTL,NILGFVFSL,3
MILGFVWTL,NILGWVFTL,3
MILGFVWTL,NILGWVVTL,3
MILGFVWTL,NIPGFVFTL,3
MILGFVWTL,NIRGFVFTL,3
MILGFVWTL,PILGFVFTL,2
MILGFVWTL,PILGWVFTL,3
MILGFVWTL,QIIGFVFTL,3
MILGFVWTL,QILGFVFTL,2
MILGFVWTL,QILGFVWTL,1
MILGFVWTL,QILGWVVTL,3
MILGFVWTL,RIKGFVFTL,3
MILGFVWTL,RILGWVFTL,3
MILGFVWTL,SILGWVFTL,3
MILGFVWTL,SILGWVVTL,3
MILGFVWTL,SIMGFVFTL,3
MILGFVWTL,SIRGFVFTL,3
MILGFVWTL,TIKGFVFTL,3
MILGFVWTL,TILGFVFSL,3
MILGFVWTL,TILGFVFTL,2
MILGFVWTL,TILGFVWTL,1
MILGFVWTL,TILGWVFTL,3
MILGFVWTL,TILGWVVTL,3
MILGFVWTL,VIIGFVFTL,3
MILGFVWTL,VILGFVFTL,2
MILGFVWTL,VILGFVWTL,1
MILGFVWTL,VILGWVFTL,3
MILGFVWTL,VILGWVVTL,3
MILGFVWTL,VIVGFVFTL,3
MILGFVWTL,WILGFVWTL,1
MILGFVWTL,WILGWVFTL,3
MILGFVWTL,WILGWVVTL,3
MILGFVWTL,YILGFVFTL,2
MILGFVWTL,YILGFVWTL,1
MILGFVWTL,YILGWVFTL,3
MILGFVWTL,YILGWVVTL,3
MIWGVSWLL,RIWGVFWTL,3
NIKGFVFTL,NILGFVFSL,2
NIKGFVFTL,NILGWVFTL,2
NIKGFVFTL,NILGWVVTL,3
NIKGFVFTL,NIPGFVFTL,1
NIKGFVFTL,NIRGFVFTL,1
NIKGFVFTL,PILGFVFTL,2
NIKGFVFTL,PILGWVFTL,3
NIKGFVFTL,QIIGFVFTL,2
NIKGFVFTL,QILGFVFTL,2
NIKGFVFTL,QILGFVWTL,3
NIKGFVFTL,RIKGFVFSL,2
NIKGFVFTL,RIKGFVFTL,1
NIKGFVFTL,RILGWVFTL,3
NIKGFVFTL,SIIGWVFTL,3
NIKGFVFTL,SIKGFVFSL,2
NIKGFVFTL,SILGWVFTL,3
NIKGFVFTL,SIMGFVFTL,2
NIKGFVFTL,SIRGFVFTL,2
NIKGFVFTL,TIKGFVFTL,1
NIKGFVFTL,TILGFVFSL,3
NIKGFVFTL,TILGFVFTL,2
NIKGFVFTL,TILGFVWTL,3
NIKGFVFTL,TILGWVFTL,3
NIKGFVFTL,TIMGWVFTL,3
NIKGFVFTL,VIIGFVFTL,2
NIKGFVFTL,VILGFVFTL,2
NIKGFVFTL,VILGFVWTL,3
NIKGFVFTL,VILGWVFTL,3
NIKGFVFTL,VIMGWVFTL,3
NIKGFVFTL,VIVGFVFTL,2
NIKGFVFTL,WILGFVWTL,3
NIKGFVFTL,WILGWVFTL,3
NIKGFVFTL,YIKGFVFSL,2
NIKGFVFTL,YILGFVFTL,2
NIKGFVFTL,YILGFVWTL,3
NIKGFVFTL,YILGWVFTL,3
NIKGFVFTL,YIRGWVFTL,3
NILGFVFSL,NILGWVFTL,2
NILGFVFSL,NILGWVVTL,3
NILGFVFSL,NIPGFVFTL,2
NILGFVFSL,NIRGFVFTL,2
NILGFVFSL,PILGFVFTL,2
NILGFVFSL,PILGWVFTL,3
NILGFVFSL,QIIGFVFTL,3
NILGFVFSL,QILGFVFTL,2
NILGFVFSL,QILGFVWTL,3
NILGFVFSL,RIKGFVFSL,2
NILGFVFSL,RIKGFVFTL,3
NILGFVFSL,RILGWVFTL,3
NILGFVFSL,SIKGFVFSL,2
NILGFVFSL,SILGWVFTL,3
NILGFVFSL,SIMGFVFTL,3
NILGFVFSL,SIRGFVFTL,3
NILGFVFSL,TIKGFVFTL,3
NILGFVFSL,TILGFVFSL,1
NILGFVFSL,TILGFVFTL,2
NILGFVFSL,TILGFVWTL,3
NILGFVFSL,TILGWVFTL,3
NILGFVFSL,VIIGFVFTL,3
NILGFVFSL,VILGFVFTL,2
NILGFVFSL,VILGFVWTL,3
NILGFVFSL,VILGWVFTL,3
NILGFVFSL,VIVGFVFTL,3
NILGFVFSL,WILGFVWTL,3
NILGFVFSL,WILGWVFTL,3
NILGFVFSL,YIKGFVFSL,2
NILGFVFSL,YILGFVFTL,2
NILGFVFSL,YILGFVWTL,3
NILGFVFSL,YILGWVFTL,3
NILGWVFTL,NILGWVVTL,1
NILGWVFTL,NIPGFVFTL,2
NILGWVFTL,NIRGFVFTL,2
NILGWVFTL,PILGFVFTL,2
NILGWVFTL,PILGWVFTL,1
NILGWVFTL,QIIGFVFTL,3
NILGWVFTL,QILGFVFTL,2
NILGWVFTL,QILGFVWTL,3
NILGWVFTL,QILGWVVTL,2
NILGWVFTL,RIKGFVFTL,3
NILGWVFTL,RILGWVFTL,1
NILGWVFTL,SIEGWVVTL,3
NILGWVFTL,SIIGWVFTL,2
NILGWVFTL,SILGWVFTL,1
NILGWVFTL,SILGWVVTL,2
NILGWVFTL,SIMGFVFTL,3
NILGWVFTL,SIRGFVFTL,3
NILGWVFTL,TIKGFVFTL,3
NILGWVFTL,TILGFVFSL,3
NILGWVFTL,TILGFVFTL,2
NILGWVFTL,TILGFVWTL,3
NILGWVFTL,TILGWVFTL,1
NILGWVFTL,TILGWVVTL,2
NILGWVFTL,TIMGWVFTL,2
NILGWVFTL,VIIGFVFTL,3
NILGWVFTL,VILGFVFTL,2
NILGWVFTL,VILGFVWTL,3
NILGWVFTL,VILGWVFTL,1
NILGWVFTL,VILGWVVTL,2
NILGWVFTL,VIMGWVFTL,2
NILGWVFTL,VIVGFVFTL,3
NILGWVFTL,WILGFVWTL,3
NILGWVFTL,WILGWVFTL,1
NILGWVFTL,WILGWVVTL,2
NILGWVFTL,YILGFVFTL,2
NILGWVFTL,YILGFVWTL,3
NILGWVFTL,YILGWVFTL,1
NILGWVFTL,YILGWVVTL,2
NILGWVFTL,YIRGWVFTL,2
NILGWVVTL,NIPGFVFTL,3
NILGWVVTL,NIRGFVFTL,3
NILGWVVTL,PILGFVFTL,3
NILGWVVTL,PILGWVFTL,2
NILGWVVTL,QILGFVFTL,3
NILGWVVTL,QILGFVWTL,3
NILGWVVTL,QILGWVVTL,1
NILGWVVTL,RILGWVFTL,2
NILGWVVTL,SIEGWVVTL,2
NILGWVVTL,SIIGWVFTL,3
NILGWVVTL,SILGWVFTL,2
NILGWVVTL,SILGWVVTL,1
NILGWVVTL,TILGFVFTL,3
NILGWVVTL,TILGFVWTL,3
NILGWVVTL,TILGWVFTL,2
NILGWVVTL,TILGWVVTL,1
NILGWVVTL,TIMGWVFTL,3
NILGWVVTL,VILGFVFTL,3
NILGWVVTL,VILGFVWTL,3
NILGWVVTL,VILGWVFTL,2
NILGWVVTL,VILGWVVTL,1
NILGWVVTL,VIMGWVFTL,3
NILGWVVTL,WILGFVWTL,3
NILGWVVTL,WILGWVFTL,2
NILGWVVTL,WILGWVVTL,1
NILGWVVTL,YILGFVFTL,3
NILGWVVTL,YILGFVWTL,3
NILGWVVTL,YILGWVFTL,2
NILGWVVTL,YILGWVVTL,1
NILGWVVTL,YIRGWVFTL,3
NIPGFVFTL,NIRGFVFTL,1
NIPGFVFTL,PILGFVFTL,2
NIPGFVFTL,PILGWVFTL,3
NIPGFVFTL,QIIGFVFTL,2
NIPGFVFTL,QILGFVFTL,2
NIPGFVFTL,QILGFVWTL,3
NIPGFVFTL,RIKGFVFSL,3
NIPGFVFTL,RIKGFVFTL,2
NIPGFVFTL,RILGWVFTL,3
NIPGFVFTL,SIIGWVFTL,3
NIPGFVFTL,SIKGFVFSL,3
NIPGFVFTL,SILGWVFTL,3
NIPGFVFTL,SIMGFVFTL,2
NIPGFVFTL,SIRGFVFTL,2
NIPGFVFTL,TIKGFVFTL,2
NIPGFVFTL,TILGFVFSL,3
NIPGFVFTL,TILGFVFTL,2
NIPGFVFTL,TILGFVWTL,3
NIPGFVFTL,TILGWVFTL,3
NIPGFVFTL,TIMGWVFTL,3
NIPGFVFTL,VIIGFVFTL,2
NIPGFVFTL,VILGFVFTL,2
NIPGFVFTL,VILGFVWTL,3
NIPGFVFTL,VILGWVFTL,3
NIPGFVFTL,VIMGWVFTL,3
NIPGFVFTL,VIVGFVFTL,2
NIPGFVFTL,WILGFVWTL,3
NIPGFVFTL,WILGWVFTL,3
NIPGFVFTL,YIKGFVFSL,3
NIPGFVFTL,YILGFVFTL,2
NIPGFVFTL,YILGFVWTL,3
NIPGFVFTL,YILGWVFTL,3
NIPGFVFTL,YIRGWVFTL,3
NIRGFVFTL,PILGFVFTL,2
NIRGFVFTL,PILGWVFTL,3
NIRGFVFTL,QIIGFVFTL,2
NIRGFVFTL,QILGFVFTL,2
NIRGFVFTL,QILGFVWTL,3
NIRGFVFTL,RIKGFVFSL,3
NIRGFVFTL,RIKGFVFTL,2
NIRGFVFTL,RILGWVFTL,3
NIRGFVFTL,SIIGWVFTL,3
NIRGFVFTL,SIKGFVFSL,3
NIRGFVFTL,SILGWVFTL,3
NIRGFVFTL,SIMGFVFTL,2
NIRGFVFTL,SIRGFVFTL,1
NIRGFVFTL,TIKGFVFTL,2
NIRGFVFTL,TILGFVFSL,3
NIRGFVFTL,TILGFVFTL,2
NIRGFVFTL,TILGFVWTL,3
NIRGFVFTL,TILGWVFTL,3
NIRGFVFTL,TIMGWVFTL,3
NIRGFVFTL,VIIGFVFTL,2
NIRGFVFTL,VILGFVFTL,2
NIRGFVFTL,VILGFVWTL,3
NIRGFVFTL,VILGWVFTL,3
NIRGFVFTL,VIMGWVFTL,3
NIRGFVFTL,VIVGFVFTL,2
NIRGFVFTL,WILGFVWTL,3
NIRGFVFTL,WILGWVFTL,3
NIRGFVFTL,YIKGFVFSL,3
NIRGFVFTL,YILGFVFTL,2
NIRGFVFTL,YILGFVWTL,3
NIRGFVFTL,YILGWVFTL,3
NIRGFVFTL,YIRGWVFTL,2
PILGFVFTL,PILGWVFTL,1
PILGFVFTL,QIIGFVFTL,2
PILGFVFTL,QILGFVFTL,1
PILGFVFTL,QILGFVWTL,2
PILGFVFTL,QILGWVVTL,3
PILGFVFTL,RIKGFVFSL,3
PILGFVFTL,RIKGFVFTL,2
PILGFVFTL,RILGWVFTL,2
PILGFVFTL,SIIGWVFTL,3
PILGFVFTL,SIKGFVFSL,3
PILGFVFTL,SILGWVFTL,2
PILGFVFTL,SILGWVVTL,3
PILGFVFTL,SIMGFVFTL,2
PILGFVFTL,SIRGFVFTL,2
PILGFVFTL,TIKGFVFTL,2
PILGFVFTL,TILGFVFSL,2
PILGFVFTL,TILGFVFTL,1
PILGFVFTL,TILGFVWTL,2
PILGFVFTL,TILGWVFTL,2
PILGFVFTL,TILGWVVTL,3
PILGFVFTL,TIMGWVFTL,3
PILGFVFTL,VIIGFVFTL,2
PILGFVFTL,VILGFVFTL,1
PILGFVFTL,VILGFVWTL,2
PILGFVFTL,VILGWVFTL,2
PILGFVFTL,VILGWVVTL,3
PILGFVFTL,VIMGWVFTL,3
PILGFVFTL,VIVGFVFTL,2
PILGFVFTL,WILGFVWTL,2
PILGFVFTL,WILGWVFTL,2
PILGFVFTL,WILGWVVTL,3
PILGFVFTL,YIKGFVFSL,3
PILGFVFTL,YILGFVFTL,1
PILGFVFTL,YILGFVWTL,2
PILGFVFTL,YILGWVFTL,2
PILGFVFTL,YILGWVVTL,3
PILGFVFTL,YIRGWVFTL,3
PILGWVFTL,QIIGFVFTL,3
PILGWVFTL,QILGFVFTL,2
PILGWVFTL,QILGFVWTL,3
PILGWVFTL,QILGWVVTL,2
PILGWVFTL,RIKGFVFTL,3
PILGWVFTL,RILGWVFTL,1
PILGWVFTL,SIEGWVVTL,3
PILGWVFTL,SIIGWVFTL,2
PILGWVFTL,SILGWVFTL,1
PILGWVFTL,SILGWVVTL,2
PILGWVFTL,SIMGFVFTL,3
PILGWVFTL,SIRGFVFTL,3
PILGWVFTL,TIKGFVFTL,3
PILGWVFTL,TILGFVFSL,3
PILGWVFTL,TILGFVFTL,2
PILGWVFTL,TILGFVWTL,3
PILGWVFTL,TILGWVFTL,1
PILGWVFTL,TILGWVVTL,2
PILGWVFTL,TIMGWVFTL,2
PILGWVFTL,VIIGFVFTL,3
PILGWVFTL,VILGFVFTL,2
PILGWVFTL,VILGFVWTL,3
PILGWVFTL,VILGWVFTL,1
PILGWVFTL,VILGWVVTL,2
PILGWVFTL,VIMGWVFTL,2
PILGWVFTL,VIVGFVFTL,3
PILGWVFTL,WILGFVWTL,3
PILGWVFTL,WILGWVFTL,1
PILGWVFTL,WILGWVVTL,2
PILGWVFTL,YILGFVFTL,2
PILGWVFTL,YILGFVWTL,3
PILGWVFTL,YILGWVFTL,1
PILGWVFTL,YILGWVVTL,2
PILGWVFTL,YIRGWVFTL,2
QIIGFVFTL,QILGFVFTL,1
QIIGFVFTL,QILGFVWTL,2
QIIGFVFTL,QILGWVVTL,3
QIIGFVFTL,RIKGFVFSL,3
QIIGFVFTL,RIKGFVFTL,2
QIIGFVFTL,RILGWVFTL,3
QIIGFVFTL,SIIGWVFTL,2
QIIGFVFTL,SIKGFVFSL,3
QIIGFVFTL,SILGWVFTL,3
QIIGFVFTL,SIMGFVFTL,2
QIIGFVFTL,SIRGFVFTL,2
QIIGFVFTL,TIKGFVFTL,2
QIIGFVFTL,TILGFVFSL,3
QIIGFVFTL,TILGFVFTL,2
QIIGFVFTL,TILGFVWTL,3
QIIGFVFTL,TILGWVFTL,3
QIIGFVFTL,TIMGWVFTL,3
QIIGFVFTL,VIIGFVFTL,1
QIIGFVFTL,VILGFVFTL,2
QIIGFVFTL,VILGFVWTL,3
QIIGFVFTL,VILGWVFTL,3
QIIGFVFTL,VIMGWVFTL,3
QIIGFVFTL,VIVGFVFTL,2
QIIGFVFTL,WILGFVWTL,3
QIIGFVFTL,WILGWVFTL,3
QIIGFVFTL,YIKGFVFSL,3
QIIGFVFTL,YILGFVFTL,2
QIIGFVFTL,YILGFVWTL,3
QIIGFVFTL,YILGWVFTL,3
QIIGFVFTL,YIRGWVFTL,3
QILGFVFTL,QILGFVWTL,1
QILGFVFTL,QILGWVVTL,2
QILGFVFTL,RIKGFVFSL,3
QILGFVFTL,RIKGFVFTL,2
QILGFVFTL,RILGWVFTL,2
QILGFVFTL,SIIGWVFTL,3
QILGFVFTL,SIKGFVFSL,3
QILGFVFTL,SILGWVFTL,2
QILGFVFTL,SILGWVVTL,3
QILGFVFTL,SIMGFVFTL,2
QILGFVFTL,SIRGFVFTL,2
QILGFVFTL,TIKGFVFTL,2
QILGFVFTL,TILGFVFSL,2
QILGFVFTL,TILGFVFTL,1
QILGFVFTL,TILGFVWTL,2
QILGFVFTL,TILGWVFTL,2
QILGFVFTL,TILGWVVTL,3
QILGFVFTL,TIMGWVFTL,3
QILGFVFTL,VIIGFVFTL,2
QILGFVFTL,VILGFVFTL,1
QILGFVFTL,VILGFVWTL,2
QILGFVFTL,VILGWVFTL,2
QILGFVFTL,VILGWVVTL,3
QILGFVFTL,VIMGWVFTL,3
QILGFVFTL,VIVGFVFTL,2
QILGFVFTL,WILGFVWTL,2
QILGFVFTL,WILGWVFTL,2
QILGFVFTL,WILGWVVTL,3
QILGFVFTL,YIKGFVFSL,3
QILGFVFTL,YILGFVFTL,1
QILGFVFTL,YILGFVWTL,2
QILGFVFTL,YILGWVFTL,2
QILGFVFTL,YILGWVVTL,3
QILGFVFTL,YIRGWVFTL,3
QILGFVWTL,QILGWVVTL,2
QILGFVWTL,RIKGFVFTL,3
QILGFVWTL,RILGWVFTL,3
QILGFVWTL,SILGWVFTL,3
QILGFVWTL,SILGWVVTL,3
QILGFVWTL,SIMGFVFTL,3
QILGFVWTL,SIRGFVFTL,3
QILGFVWTL,TIKGFVFTL,3
QILGFVWTL,TILGFVFSL,3
QILGFVWTL,TILGFVFTL,2
QILGFVWTL,TILGFVWTL,1
QILGFVWTL,TILGWVFTL,3
QILGFVWTL,TILGWVVTL,3
QILGFVWTL,VIIGFVFTL,3
QILGFVWTL,VILGFVFTL,2
QILGFVWTL,VILGFVWTL,1
QILGFVWTL,VILGWVFTL,3
QILGFVWTL,VILGWVVTL,3
QILGFVWTL,VIVGFVFTL,3
QILGFVWTL,WILGFVWTL,1
QILGFVWTL,WILGWVFTL,3
QILGFVWTL,WILGWVVTL,3
QILGFVWTL,YILGFVFTL,2
QILGFVWTL,YILGFVWTL,1
QILGFVWTL,YILGWVFTL,3
QILGFVWTL,YILGWVVTL,3
QILGWVVTL,RILGWVFTL,2
QILGWVVTL,SIEGWVVTL,2
QILGWVVTL,SIIGWVFTL,3
QILGWVVTL,SILGWVFTL,2
QILGWVVTL,SILGWVVTL,1
QILGWVVTL,TILGFVFTL,3
QILGWVVTL,TILGFVWTL,3
QILGWVVTL,TILGWVFTL,2
QILGWVVTL,TILGWVVTL,1
QILGWVVTL,TIMGWVFTL,3
QILGWVVTL,VILGFVFTL,3
QILGWVVTL,VILGFVWTL,3
QILGWVVTL,VILGWVFTL,2
QILGWVVTL,VILGWVVTL,1
QILGWVVTL,VIMGWVFTL,3
QILGWVVTL,WILGFVWTL,3
QILGWVVTL,WILGWVFTL,2
QILGWVVTL,WILGWVVTL,1
QILGWVVTL,YILGFVFTL,3
QILGWVVTL,YILGFVWTL,3
QILGWVVTL,YILGWVFTL,2
QILGWVVTL,YILGWVVTL,1
QILGWVVTL,YIRGWVFTL,3
RIKEARFTL,RIKGFVFTL,3
RIKGFVFSL,RIKGFVFTL,1
RIKGFVFSL,RILGWVFTL,3
RIKGFVFSL,SIKGFVFSL,1
RIKGFVFSL,SIMGFVFTL,3
RIKGFVFSL,SIRGFVFTL,3
RIKGFVFSL,TIKGFVFTL,2
RIKGFVFSL,TILGFVFSL,2
RIKGFVFSL,TILGFVFTL,3
RIKGFVFSL,VIIGFVFTL,3
RIKGFVFSL,VILGFVFTL,3
RIKGFVFSL,VIVGFVFTL,3
RIKGFVFSL,YIKGFVFSL,1
RIKGFVFSL,YILGFVFTL,3
RIKGFVFTL,RILGWVFTL,2
RIKGFVFTL,SIIGWVFTL,3
RIKGFVFTL,SIKGFVFSL,2
RIKGFVFTL,SILGWVFTL,3
RIKGFVFTL,SIMGFVFTL,2
RIKGFVFTL,SIRGFVFTL,2
RIKGFVFTL,TIKGFVFTL,1
RIKGFVFTL,TILGFVFSL,3
RIKGFVFTL,TILGFVFTL,2
RIKGFVFTL,TILGFVWTL,3
RIKGFVFTL,TILGWVFTL,3
RIKGFVFTL,TIMGWVFTL,3
RIKGFVFTL,VIIGFVFTL,2
RIKGFVFTL,VILGFVFTL,2
RIKGFVFTL,VILGFVWTL,3
RIKGFVFTL,VILGWVFTL,3
RIKGFVFTL,VIMGWVFTL,3
RIKGFVFTL,VIVGFVFTL,2
RIKGFVFTL,WILGFVWTL,3
RIKGFVFTL,WILGWVFTL,3
RIKGFVFTL,YIKGFVFSL,2
RIKGFVFTL,YILGFVFTL,2
RIKGFVFTL,YILGFVWTL,3
RIKGFVFTL,YILGWVFTL,3
RIKGFVFTL,YIRGWVFTL,3
RILGWVFTL,SIEGWVVTL,3
RILGWVFTL,SIIGWVFTL,2
RILGWVFTL,SILGWVFTL,1
RILGWVFTL,SILGWVVTL,2
RILGWVFTL,SIMGFVFTL,3
RILGWVFTL,SIRGFVFTL,3
RILGWVFTL,TIKGFVFTL,3
RILGWVFTL,TILGFVFSL,3
RILGWVFTL,TILGFVFTL,2
RILGWVFTL,TILGFVWTL,3
RILGWVFTL,TILGWVFTL,1
RILGWVFTL,TILGWVVTL,2
RILGWVFTL,TIMGWVFTL,2
RILGWVFTL,VIIGFVFTL,3
RILGWVFTL,VILGFVFTL,2
RILGWVFTL,VILGFVWTL,3
RILGWVFTL,VILGWVFTL,1
RILGWVFTL,VILGWVVTL,2
RILGWVFTL,VIMGWVFTL,2
RILGWVFTL,VIVGFVFTL,3
RILGWVFTL,WILGFVWTL,3
RILGWVFTL,WILGWVFTL,1
RILGWVFTL,WILGWVVTL,2
RILGWVFTL,YILGFVFTL,2
RILGWVFTL,YILGFVWTL,3
RILGWVFTL,YILGWVFTL,1
RILGWVFTL,YILGWVVTL,2
RILGWVFTL,YIRGWVFTL,2
RIWGIFWTL,RIWGVFWTL,1
RIWGIFWTL,RIYGLFWTL,2
RIWGIFWTL,TIWGTHWTL,3
RIWGVFWTL,RIYGLFWTL,2
RIWGVFWTL,TIWGTHWTL,3
SIAGLWGTL,TIAGLWGTL,1
SIEGWVVTL,SIIGWVFTL,2
SIEGWVVTL,SILGWVFTL,2
SIEGWVVTL,SILGWVVTL,1
SIEGWVVTL,SIMGFVFTL,3
SIEGWVVTL,SIRGFVFTL,3
SIEGWVVTL,TILGWVFTL,3
SIEGWVVTL,TILGWVVTL,2
SIEGWVVTL,TIMGWVFTL,3
SIEGWVVTL,VILGWVFTL,3
SIEGWVVTL,VILGWVVTL,2
SIEGWVVTL,VIMGWVFTL,3
SIEGWVVTL,WILGWVFTL,3
SIEGWVVTL,WILGWVVTL,2
SIEGWVVTL,YILGWVFTL,3
SIEGWVVTL,YILGWVVTL,2
SIEGWVVTL,YIRGWVFTL,3
SIIGWVFTL,SIKGFVFSL,3
SIIGWVFTL,SILGWVFTL,1
SIIGWVFTL,SILGWVVTL,2
SIIGWVFTL,SIMGFVFTL,2
SIIGWVFTL,SIRGFVFTL,2
SIIGWVFTL,TIKGFVFTL,3
SIIGWVFTL,TILGFVFTL,3
SIIGWVFTL,TILGWVFTL,2
SIIGWVFTL,TILGWVVTL,3
SIIGWVFTL,TIMGWVFTL,2
SIIGWVFTL,VIIGFVFTL,2
SIIGWVFTL,VILGFVFTL,3
SIIGWVFTL,VILGWVFTL,2
SIIGWVFTL,VILGWVVTL,3
SIIGWVFTL,VIMGWVFTL,2
SIIGWVFTL,VIVGFVFTL,3
SIIGWVFTL,WILGWVFTL,2
SIIGWVFTL,WILGWVVTL,3
SIIGWVFTL,YILGFVFTL,3
SIIGWVFTL,YILGWVFTL,2
SIIGWVFTL,YILGWVVTL,3
SIIGWVFTL,YIRGWVFTL,2
SIKGFVFSL,SILGWVFTL,3
SIKGFVFSL,SIMGFVFTL,2
SIKGFVFSL,SIRGFVFTL,2
SIKGFVFSL,TIKGFVFTL,2
SIKGFVFSL,TILGFVFSL,2
SIKGFVFSL,TILGFVFTL,3
SIKGFVFSL,VIIGFVFTL,3
SIKGFVFSL,VILGFVFTL,3
SIKGFVFSL,VIVGFVFTL,3
SIKGFVFSL,YIKGFVFSL,1
SIKGFVFSL,YILGFVFTL,3
SILGWVFTL,SILGWVVTL,1
SILGWVFTL,SIMGFVFTL,2
SILGWVFTL,SIRGFVFTL,2
SILGWVFTL,TIKGFVFTL,3
SILGWVFTL,TILGFVFSL,3
SILGWVFTL,TILGFVFTL,2
SILGWVFTL,TILGFVWTL,3
SILGWVFTL,TILGWVFTL,1
SILGWVFTL,TILGWVVTL,2
SILGWVFTL,TIMGWVFTL,2
SILGWVFTL,VIIGFVFTL,3
SILGWVFTL,VILGFVFTL,2
SILGWVFTL,VILGFVWTL,3
SILGWVFTL,VILGWVFTL,1
SILGWVFTL,VILGWVVTL,2
SILGWVFTL,VIMGWVFTL,2
SILGWVFTL,VIVGFVFTL,3
SILGWVFTL,WILGFVWTL,3
SILGWVFTL,WILGWVFTL,1
SILGWVFTL,WILGWVVTL,2
SILGWVFTL,YILGFVFTL,2
SILGWVFTL,YILGFVWTL,3
SILGWVFTL,YILGWVFTL,1
SILGWVFTL,YILGWVVTL,2
SILGWVFTL,YIRGWVFTL,2
SILGWVVTL,SIMGFVFTL,3
SILGWVVTL,SIRGFVFTL,3
SILGWVVTL,TILGFVFTL,3
SILGWVVTL,TILGFVWTL,3
SILGWVVTL,TILGWVFTL,2
SILGWVVTL,TILGWVVTL,1
SILGWVVTL,TIMGWVFTL,3
SILGWVVTL,VILGFVFTL,3
SILGWVVTL,VILGFVWTL,3
SILGWVVTL,VILGWVFTL,2
SILGWVVTL,VILGWVVTL,1
SILGWVVTL,VIMGWVFTL,3
SILGWVVTL,WILGFVWTL,3
SILGWVVTL,WILGWVFTL,2
SILGWVVTL,WILGWVVTL,1
SILGWVVTL,YILGFVFTL,3
SILGWVVTL,YILGFVWTL,3
SILGWVVTL,YILGWVFTL,2
SILGWVVTL,YILGWVVTL,1
SILGWVVTL,YIRGWVFTL,3
SIMGFVFTL,SIRGFVFTL,1
SIMGFVFTL,TIKGFVFTL,2
SIMGFVFTL,TILGFVFSL,3
SIMGFVFTL,TILGFVFTL,2
SIMGFVFTL,TILGFVWTL,3
SIMGFVFTL,TILGWVFTL,3
SIMGFVFTL,TIMGWVFTL,2
SIMGFVFTL,VIIGFVFTL,2
SIMGFVFTL,VILGFVFTL,2
SIMGFVFTL,VILGFVWTL,3
SIMGFVFTL,VILGWVFTL,3
SIMGFVFTL,VIMGWVFTL,2
SIMGFVFTL,VIVGFVFTL,2
SIMGFVFTL,WILGFVWTL,3
SIMGFVFTL,WILGWVFTL,3
SIMGFVFTL,YIKGFVFSL,3
SIMGFVFTL,YILGFVFTL,2
SIMGFVFTL,YILGFVWTL,3
SIMGFVFTL,YILGWVFTL,3
SIMGFVFTL,YIRGWVFTL,3
SIRGFVFTL,TIKGFVFTL,2
SIRGFVFTL,TILGFVFSL,3
SIRGFVFTL,TILGFVFTL,2
SIRGFVFTL,TILGFVWTL,3
SIRGFVFTL,TILGWVFTL,3
SIRGFVFTL,TIMGWVFTL,3
SIRGFVFTL,VIIGFVFTL,2
SIRGFVFTL,VILGFVFTL,2
SIRGFVFTL,VILGFVWTL,3
SIRGFVFTL,VILGWVFTL,3
SIRGFVFTL,VIMGWVFTL,3
SIRGFVFTL,VIVGFVFTL,2
SIRGFVFTL,WILGFVWTL,3
SIRGFVFTL,WILGWVFTL,3
SIRGFVFTL,YIKGFVFSL,3
SIRGFVFTL,YILGFVFTL,2
SIRGFVFTL,YILGFVWTL,3
SIRGFVFTL,YILGWVFTL,3
SIRGFVFTL,YIRGWVFTL,2
TIKGFVFTL,TILGFVFSL,2
TIKGFVFTL,TILGFVFTL,1
TIKGFVFTL,TILGFVWTL,2
TIKGFVFTL,TILGWVFTL,2
TIKGFVFTL,TILGWVVTL,3
TIKGFVFTL,TIMGWVFTL,2
TIKGFVFTL,VIIGFVFTL,2
TIKGFVFTL,VILGFVFTL,2
TIKGFVFTL,VILGFVWTL,3
TIKGFVFTL,VILGWVFTL,3
TIKGFVFTL,VIMGWVFTL,3
TIKGFVFTL,VIVGFVFTL,2
TIKGFVFTL,WILGFVWTL,3
TIKGFVFTL,WILGWVFTL,3
TIKGFVFTL,YIKGFVFSL,2
TIKGFVFTL,YILGFVFTL,2
TIKGFVFTL,YILGFVWTL,3
TIKGFVFTL,YILGWVFTL,3
TIKGFVFTL,YIRGWVFTL,3
TILGFVFSL,TILGFVFTL,1
TILGFVFSL,TILGFVWTL,2
TILGFVFSL,TILGWVFTL,2
TILGFVFSL,TILGWVVTL,3
TILGFVFSL,TIMGWVFTL,3
TILGFVFSL,VIIGFVFTL,3
TILGFVFSL,VILGFVFTL,2
TILGFVFSL,VILGFVWTL,3
TILGFVFSL,VILGWVFTL,3
TILGFVFSL,VIVGFVFTL,3
TILGFVFSL,WILGFVWTL,3
TILGFVFSL,WILGWVFTL,3
TILGFVFSL,YIKGFVFSL,2
TILGFVFSL,YILGFVFTL,2
TILGFVFSL,YILGFVWTL,3
TILGFVFSL,YILGWVFTL,3
TILGFVFTL,TILGFVWTL,1
TILGFVFTL,TILGWVFTL,1
TILGFVFTL,TILGWVVTL,2
TILGFVFTL,TIMGWVFTL,2
TILGFVFTL,VIIGFVFTL,2
TILGFVFTL,VILGFVFTL,1
TILGFVFTL,VILGFVWTL,2
TILGFVFTL,VILGWVFTL,2
TILGFVFTL,VILGWVVTL,3
TILGFVFTL,VIMGWVFTL,3
TILGFVFTL,VIVGFVFTL,2
TILGFVFTL,WILGFVWTL,2
TILGFVFTL,WILGWVFTL,2
TILGFVFTL,WILGWVVTL,3
TILGFVFTL,YIKGFVFSL,3
TILGFVFTL,YILGFVFTL,1
TILGFVFTL,YILGFVWTL,2
TILGFVFTL,YILGWVFTL,2
TILGFVFTL,YILGWVVTL,3
TILGFVFTL,YIRGWVFTL,3
TILGFVWTL,TILGWVFTL,2
TILGFVWTL,TILGWVVTL,2
TILGFVWTL,TIMGWVFTL,3
TILGFVWTL,TIWGTHWTL,3
TILGFVWTL,VIIGFVFTL,3
TILGFVWTL,VILGFVFTL,2
TILGFVWTL,VILGFVWTL,1
TILGFVWTL,VILGWVFTL,3
TILGFVWTL,VILGWVVTL,3
TILGFVWTL,VIVGFVFTL,3
TILGFVWTL,WILGFVWTL,1
TILGFVWTL,WILGWVFTL,3
TILGFVWTL,WILGWVVTL,3
TILGFVWTL,YILGFVFTL,2
TILGFVWTL,YILGFVWTL,1
TILGFVWTL,YILGWVFTL,3
TILGFVWTL,YILGWVVTL,3
TILGWVFTL,TILGWVVTL,1
TILGWVFTL,TIMGWVFTL,1
TILGWVFTL,VIIGFVFTL,3
TILGWVFTL,VILGFVFTL,2
TILGWVFTL,VILGFVWTL,3
TILGWVFTL,VILGWVFTL,1
TILGWVFTL,VILGWVVTL,2
TILGWVFTL,VIMGWVFTL,2
TILGWVFTL,VIVGFVFTL,3
TILGWVFTL,WILGFVWTL,3
TILGWVFTL,WILGWVFTL,1
TILGWVFTL,WILGWVVTL,2
TILGWVFTL,YILGFVFTL,2
TILGWVFTL,YILGFVWTL,3
TILGWVFTL,YILGWVFTL,1
TILGWVFTL,YILGWVVTL,2
TILGWVFTL,YIRGWVFTL,2
TILGWVVTL,TIMGWVFTL,2
TILGWVVTL,VILGFVFTL,3
TILGWVVTL,VILGFVWTL,3
TILGWVVTL,VILGWVFTL,2
TILGWVVTL,VILGWVVTL,1
TILGWVVTL,VIMGWVFTL,3
TILGWVVTL,WILGFVWTL,3
TILGWVVTL,WILGWVFTL,2
TILGWVVTL,WILGWVVTL,1
TILGWVVTL,YILGFVFTL,3
TILGWVVTL,YILGFVWTL,3
TILGWVVTL,YILGWVFTL,2
TILGWVVTL,YILGWVVTL,1
TILGWVVTL,YIRGWVFTL,3
TIMGWVFTL,VIIGFVFTL,3
TIMGWVFTL,VILGFVFTL,3
TIMGWVFTL,VILGWVFTL,2
TIMGWVFTL,VILGWVVTL,3
TIMGWVFTL,VIMGWVFTL,1
TIMGWVFTL,VIVGFVFTL,3
TIMGWVFTL,WILGWVFTL,2
TIMGWVFTL,WILGWVVTL,3
TIMGWVFTL,YILGFVFTL,3
TIMGWVFTL,YILGWVFTL,2
TIMGWVFTL,YILGWVVTL,3
TIMGWVFTL,YIRGWVFTL,2
VIIGFVFTL,VILGFVFTL,1
VIIGFVFTL,VILGFVWTL,2
VIIGFVFTL,VILGWVFTL,2
VIIGFVFTL,VILGWVVTL,3
VIIGFVFTL,VIMGWVFTL,2
VIIGFVFTL,VIVGFVFTL,1
VIIGFVFTL,WILGFVWTL,3
VIIGFVFTL,WILGWVFTL,3
VIIGFVFTL,YIKGFVFSL,3
VIIGFVFTL,YILGFVFTL,2
VIIGFVFTL,YILGFVWTL,3
VIIGFVFTL,YILGWVFTL,3
VIIGFVFTL,YIRGWVFTL,3
VILGFVFTL,VILGFVWTL,1
VILGFVFTL,VILGWVFTL,1
VILGFVFTL,VILGWVVTL,2
VILGFVFTL,VIMGWVFTL,2
VILGFVFTL,VIVGFVFTL,1
VILGFVFTL,WILGFVWTL,2
VILGFVFTL,WILGWVFTL,2
VILGFVFTL,WILGWVVTL,3
VILGFVFTL,YIKGFVFSL,3
VILGFVFTL,YILGFVFTL,1
VILGFVFTL,YILGFVWTL,2
VILGFVFTL,YILGWVFTL,2
VILGFVFTL,YILGWVVTL,3
VILGFVFTL,YIRGWVFTL,3
VILGFVWTL,VILGWVFTL,2
VILGFVWTL,VILGWVVTL,2
VILGFVWTL,VIMGWVFTL,3
VILGFVWTL,VIVGFVFTL,2
VILGFVWTL,WILGFVWTL,1
VILGFVWTL,WILGWVFTL,3
VILGFVWTL,WILGWVVTL,3
VILGFVWTL,YILGFVFTL,2
VILGFVWTL,YILGFVWTL,1
VILGFVWTL,YILGWVFTL,3
VILGFVWTL,YILGWVVTL,3
VILGWVFTL,VILGWVVTL,1
VILGWVFTL,VIMGWVFTL,1
VILGWVFTL,VIVGFVFTL,2
VILGWVFTL,WILGFVWTL,3
VILGWVFTL,WILGWVFTL,1
VILGWVFTL,WILGWVVTL,2
VILGWVFTL,YILGFVFTL,2
VILGWVFTL,YILGFVWTL,3
VILGWVFTL,YILGWVFTL,1
VILGWVFTL,YILGWVVTL,2
VILGWVFTL,YIRGWVFTL,2
VILGWVVTL,VIMGWVFTL,2
VILGWVVTL,VIVGFVFTL,3
VILGWVVTL,WILGFVWTL,3
VILGWVVTL,WILGWVFTL,2
VILGWVVTL,WILGWVVTL,1
VILGWVVTL,YILGFVFTL,3
VILGWVVTL,YILGFVWTL,3
VILGWVVTL,YILGWVFTL,2
VILGWVVTL,YILGWVVTL,1
VILGWVVTL,YIRGWVFTL,3
VIMGWVFTL,VIVGFVFTL,2
VIMGWVFTL,WILGWVFTL,2
VIMGWVFTL,WILGWVVTL,3
VIMGWVFTL,YILGFVFTL,3
VIMGWVFTL,YILGWVFTL,2
VIMGWVFTL,YILGWVVTL,3
VIMGWVFTL,YIRGWVFTL,2
VIVGFVFTL,WILGFVWTL,3
VIVGFVFTL,WILGWVFTL,3
VIVGFVFTL,YIKGFVFSL,3
VIVGFVFTL,YILGFVFTL,2
VIVGFVFTL,YILGFVWTL,3
VIVGFVFTL,YILGWVFTL,3
VIVGFVFTL,YIRGWVFTL,3
WILGFVWTL,WILGWVFTL,2
WILGFVWTL,WILGWVVTL,2
WILGFVWTL,YILGFVFTL,2
WILGFVWTL,YILGFVWTL,1
WILGFVWTL,YILGWVFTL,3
WILGFVWTL,YILGWVVTL,3
WILGWVFTL,WILGWVVTL,1
WILGWVFTL,YILGFVFTL,2
WILGWVFTL,YILGFVWTL,3
WILGWVFTL,YILGWVFTL,1
WILGWVFTL,YILGWVVTL,2
WILGWVFTL,YIRGWVFTL,2
WILGWVVTL,YILGFVFTL,3
WILGWVVTL,YILGFVWTL,3
WILGWVVTL,YILGWVFTL,2
WILGWVVTL,YILGWVVTL,1
WILGWVVTL,YIRGWVFTL,3
YIKGFVFSL,YILGFVFTL,2
YIKGFVFSL,YILGFVWTL,3
YIKGFVFSL,YILGWVFTL,3
YIKGFVFSL,YIRGWVFTL,3
YILGFVFTL,YILGFVWTL,1
YILGFVFTL,YILGWVFTL,1
YILGFVFTL,YILGWVVTL,2
YILGFVFTL,YIRGWVFTL,2
YILGFVWTL,YILGWVFTL,2
YILGFVWTL,YILGWVVTL,2
YILGFVWTL,YIRGWVFTL,3
YILGWVFTL,YILGWVVTL,1
YILGWVFTL,YIRGWVFTL,1
YILGWVVTL,YIRGWVFTL,2
