name,cluster,color,label_show,degree,degree_dist1,is_anchor
AIKGFVFTL,0,#673AB7,0,74,6,0
AILGFVFSL,0,#673AB7,0,67,4,0
AILGFVFTL,0,#673AB7,0,84,14,0
AILGFVWTL,0,#673AB7,0,70,9,0
AILGWVFTL,0,#673AB7,1,89,17,0
AILGWVVTL,0,#673AB7,0,66,11,0
AIRGWVFTL,0,#673AB7,0,76,3,0
AIVGFVFTL,0,#673AB7,0,74,6,0
AIWGIAWTL,1,#F44336,1,14,1,0
CIAGLWGTL,2,#E91E63,1,3,3,0
CIKGWVVTL,0,#673AB7,0,48,1,0
CILGWVFTL,0,#673AB7,0,89,15,0
CILGWVVTL,0,#673AB7,0,63,12,0
CIWGVFWTL,1,#F44336,1,15,2,0
DILGWVFTL,0,#673AB7,0,89,15,0
DIMGWVFTL,0,#673AB7,0,74,5,0
EIKGFVFTL,0,#673AB7,0,74,5,0
EILGWVFSL,0,#673AB7,0,61,1,0
EILGWVFTL,0,#673AB7,0,90,15,0
EINVWVRTL,3,#9E9E9E,1,1,0,0
EIVGFVFTL,0,#673AB7,1,74,5,0
GIADRVLGL,4,#9E9E9E,1,0,0,0
GIAGLWGTL,2,#E91E63,1,4,3,0
GIIGWVVTL,0,#673AB7,0,50,2,0
GIKGWVFTL,0,#673AB7,1,81,3,0
GILGFVFSL,0,#673AB7,0,69,4,0
GILGFVFTL,0,#673AB7,0,88,13,1
GILGFVWTL,0,#673AB7,0,78,9,0
GILGWVFTL,0,#673AB7,0,89,19,0
GILGWVVSL,0,#673AB7,0,44,1,0
GILGWVVTL,0,#673AB7,0,66,14,0
GIMGFVFTL,0,#673AB7,1,76,3,0
GIMGWVFTL,0,#673AB7,1,77,8,0
GINSSSFSL,5,#9E9E9E,1,0,0,0
GIPGWVFSL,0,#673AB7,0,43,2,0
GIPGWVFTL,0,#673AB7,0,77,4,0
GIRGVWPWL,6,#9E9E9E,1,0,0,0
GIRSGWATL,7,#9E9E9E,1,0,0,0
GITKYAATL,8,#9E9E9E,1,0,0,0
GIVGWVVTL,0,#673AB7,0,52,2,0
GIWAIHWTL,1,#F44336,1,9,0,0
GIWGIAWTL,1,#F44336,1,16,2,0
GIWGISWTL,1,#F44336,1,17,1,0
GIWGLFWSL,1,#F44336,1,12,0,0
GIWGLYWTL,1,#F44336,1,18,1,0
GIWGVFWTL,1,#F44336,0,18,2,0
GIWPLHWTL,1,#F44336,1,10,0,0
GIWQIFWTL,1,#F44336,1,12,0,0
HIEGWVVTL,0,#673AB7,0,46,2,0
HIKGFVFSL,0,#673AB7,0,43,3,0
HILGFVFAL,0,#673AB7,0,64,1,0
HILGFVFTL,0,#673AB7,0,86,12,0
HILGWVFTL,0,#673AB7,0,90,16,0
HIPGWVFSL,0,#673AB7,1,42,1,0
HIRGWVFTL,0,#673AB7,0,76,3,0
HIVGFVFTL,0,#673AB7,0,75,5,0
IILGFVFTL,0,#673AB7,1,84,9,0
KISYFVVTL,9,#9E9E9E,1,0,0,0
KIWGLYWTL,1,#F44336,1,14,1,0
LIIGFVFTL,0,#673AB7,0,74,5,0
LILGFVFTL,0,#673AB7,0,84,14,0
LILGFVWTL,0,#673AB7,0,71,9,0
LILGWVFTL,0,#673AB7,0,89,17,0
LILGWVVTL,0,#673AB7,0,66,11,0
LIMGWVFTL,0,#673AB7,0,75,5,0
LIRGFVFTL,0,#673AB7,1,73,5,0
LIVGFVFTL,0,#673AB7,0,74,7,0
LIWGLFWTL,1,#F44336,0,16,0,0
LIWGVYWTL,1,#F44336,0,13,0,0
MIEGWVVTL,0,#673AB7,0,44,2,0
MILGFVWTL,0,#673AB7,0,69,8,0
MIWGVSWLL,1,#F44336,1,5,0,0
NIKGFVFTL,0,#673AB7,1,74,6,0
NILGFVFSL,0,#673AB7,1,66,3,0
NILGWVFTL,0,#673AB7,0,89,15,0
NILGWVVTL,0,#673AB7,0,67,11,0
NIPGFVFTL,0,#673AB7,0,75,2,0
NIRGFVFTL,0,#673AB7,0,73,4,0
PILGFVFTL,0,#673AB7,0,84,10,0
PILGWVFTL,0,#673AB7,1,89,15,0
QIIGFVFTL,0,#673AB7,0,74,3,0
QILGFVFTL,0,#673AB7,1,84,11,0
QILGFVWTL,0,#673AB7,0,68,9,0
QILGWVVTL,0,#673AB7,0,64,10,0
RIKEARFTL,10,#9E9E9E,1,1,0,0
RIKGFVFSL,0,#673AB7,1,42,4,0
RIKGFVFTL,0,#673AB7,0,74,5,0
RILGWVFTL,0,#673AB7,0,90,14,0
RIWGIFWTL,1,#F44336,0,15,1,0
RIWGVFWTL,1,#F44336,1,15,3,0
RIYGLFWTL,1,#F44336,0,8,0,0
SIAGLWGTL,2,#E91E63,1,3,3,0
SIEGWVVTL,0,#673AB7,1,45,3,0
SIIGWVFTL,0,#673AB7,1,75,1,0
SIKGFVFSL,0,#673AB7,0,43,3,0
SILGWVFTL,0,#673AB7,1,90,16,0
SILGWVVTL,0,#673AB7,0,65,12,0
SIMGFVFTL,0,#673AB7,0,74,2,0
SIRGFVFTL,0,#673AB7,0,74,3,0
TIAGLWGTL,2,#E91E63,1,3,3,0
TIKGFVFTL,0,#673AB7,0,74,5,0
TILGFVFSL,0,#673AB7,0,67,4,0
TILGFVFTL,0,#673AB7,0,84,13,0
TILGFVWTL,0,#673AB7,0,70,9,0
TILGWVFTL,0,#673AB7,0,89,17,0
TILGWVVTL,0,#673AB7,0,65,11,0
TIMGWVFTL,0,#673AB7,0,76,5,0
TIWGTHWTL,1,#F44336,1,14,0,0
VIGLFGFKL,11,#9E9E9E,1,0,0,0
VIIGFVFTL,0,#673AB7,0,74,4,0
VILGFVFTL,0,#673AB7,0,84,13,0
VILGFVWTL,0,#673AB7,1,69,9,0
VILGWVFTL,0,#673AB7,0,89,17,0
VILGWVVTL,0,#673AB7,0,65,11,0
VIMGWVFTL,0,#673AB7,0,75,5,0
VIVGFVFTL,0,#673AB7,0,74,6,0
WILGFVWTL,0,#673AB7,0,68,8,0
WILGWVFTL,0,#673AB7,0,89,15,0
WILGWVVTL,0,#673AB7,0,63,11,0
YIKGFVFSL,0,#673AB7,0,44,3,0
YILGFVFTL,0,#673AB7,1,84,11,0
YILGFVWTL,0,#673AB7,0,70,9,0
YILGWVFTL,0,#673AB7,1,90,17,0
YILGWVVTL,0,#673AB7,1,63,11,0
YIRGWVFTL,0,#673AB7,0,76,3,0
